"Ad name",Country,"Ad delivery","Attribution setting",Results,"Result indicator",Reach,Frequency,"Cost per results","Ad set budget","Ad set budget type","Amount spent (EGP)",Ends,"Quality ranking","Engagement rate ranking","Conversion rate ranking",Impressions,"CPM (cost per 1,000 impressions) (EGP)","Link clicks",shop_clicks,"CPC (cost per link click) (EGP)","CTR (link click-through rate)","Clicks (all)","CTR (all)","CPC (all) (EGP)","Landing page views","Cost per landing page view (EGP)","Messaging conversations started","Ad ID","Ad set name","Campaign ID","Campaign name","Ad set ID","Reporting starts","Reporting ends",Bid,"Bid type",Objective,"Cost per messaging conversation started (EGP)"
"Post: ‎""‎سجل معانا كورسات هندسية بعد العيد .. واستفيد...‎""‎",EG,not_delivering,"7-day click or 1-day view",50,actions:onsite_conversion.messaging_conversation_started_7d,0,0,22,"Using campaign budget",0,1100,2023-04-18,-,-,-,51076,21.536534,124,,8.870968,0.242775,946,1.852142,1.162791,,,50,23853645612050516,"Post: ‎""‎سجل معانا كورسات هندسية بعد العيد .. واستفيد...‎""‎",23853645611910516,"Post: ‎""‎سجل معانا كورسات هندسية بعد العيد .. واستفيد...‎""‎",23853645612010516,2023-04-08,2026-05-07,0,ABSOLUTE_OCPM,Messages,22
"المنشور: ‏""‏العيدية السنة من مركز المتحدة للتدريب بتوصل 🥳 50%...‏""‏",EG,not_delivering,"7-day click or 1-day view",1,actions:onsite_conversion.messaging_conversation_started_7d,0,0,64.16,"Using campaign budget",0,64.16,2023-04-24,-,-,-,3410,18.815249,9,,7.128889,0.26393,60,1.759531,1.069333,,,1,23853741279100516,"المنشور: ‏""‏العيدية السنة من مركز المتحدة للتدريب بتوصل 🥳 50%...‏""‏",23853741278410516,"المنشور: ‏""‏العيدية السنة من مركز المتحدة للتدريب بتوصل 🥳 50%...‏""‏",23853741279010516,2023-04-08,2026-05-07,0,ABSOLUTE_OCPM,Messages,64.16
"Post: ‎""‎حققنا المعادلة الصعبة السنة دي في كورسات الصيف من...‎""‎",EG,not_delivering,"7-day click or 1-day view",25,actions:onsite_conversion.messaging_conversation_started_7d,0,0,20.0204,"Using campaign budget",0,500.51,2023-06-25,-,-,-,25832,19.375581,67,,7.470299,0.259368,641,2.481418,0.780827,,,25,23855277821320516,"Post: ‎""‎حققنا المعادلة الصعبة السنة دي في كورسات الصيف من...‎""‎",23855277820000516,"Post: ‎""‎حققنا المعادلة الصعبة السنة دي في كورسات الصيف من...‎""‎",23855277820790516,2023-04-08,2026-05-07,0,ABSOLUTE_OCPM,Messages,20.0204
"Test 5/7/2023 Engineering",EG,not_delivering,"7-day click or 1-day view",304,actions:onsite_conversion.messaging_conversation_started_7d,0,0,13.55148026,"Using campaign budget",0,4119.65,Ongoing,-,-,-,248059,16.607541,543,,7.586832,0.2189,5605,2.259543,0.734996,,,304,23856148750120516,"تجربة 5/7/2023",23856148748820516,"صيف 2023 بتاريخ 5/7/2023",23856148749450516,2023-04-08,2026-05-07,0,ABSOLUTE_OCPM,Engagement,13.55148
"خصومات الصيف ماكس وريفيت وديكور",EG,not_delivering,"7-day click or 1-day view",8,actions:onsite_conversion.messaging_conversation_started_7d,0,0,47.83625,500,Daily,382.69,Ongoing,-,-,-,12967,29.512609,24,,15.945417,0.185085,303,2.336701,1.263003,,,8,120210209924680517,"خصومات الصيف ماكس وريفيت وديكور 3-7-2024",120210209924670517,"خصومات الصيف 2",120210209924660517,2023-04-08,2026-05-07,0,ABSOLUTE_OCPM,Engagement,47.83625
"EiD Fitr 22-4",EG,not_delivering,"7-day click or 1-day view",3,actions:onsite_conversion.messaging_conversation_started_7d,0,0,41.57,"Using campaign budget",0,124.71,Ongoing,-,-,-,7461,16.714918,6,,20.785,0.080418,107,1.434124,1.165514,,,3,23853803050550516,"EID Fitr",23853803050450516,"New camp Eid Fetr 22-4",23853803050490516,2023-04-08,2026-05-07,0,ABSOLUTE_OCPM,Engagement,41.57
"New Ad 29-8-2024",EG,not_delivering,"7-day click or 1-day view",89,actions:onsite_conversion.messaging_conversation_started_7d,0,0,18.71101124,180,Daily,1665.28,Ongoing,-,-,-,73514,22.652556,262,,6.356031,0.356395,1706,2.320646,0.976131,,,89,120211452996030517,"New 29-8-2024 Offers",120211452996040517,"New Offers 29-8-2024",120211452996050517,2023-04-08,2026-05-07,0,ABSOLUTE_OCPM,Engagement,18.711011
"Post: ‎""‎حققنا المعادلة الصعبة السنة دي في كورسات الصيف من...‎""‎",EG,not_delivering,"7-day click or 1-day view",121,actions:post_engagement,0,0,0.76429752,"Using campaign budget",0,92.48,2023-06-29,-,-,-,3051,30.311373,18,,5.137778,0.589971,131,4.293674,0.705954,,,,23855455851660516,"Post: ‎""‎حققنا المعادلة الصعبة السنة دي في كورسات الصيف من...‎""‎",23855455851590516,"Post: ‎""‎حققنا المعادلة الصعبة السنة دي في كورسات الصيف من...‎""‎",23855455851640516,2023-04-08,2026-05-07,0,ABSOLUTE_OCPM,Engagement,
"المنشور: ‏""‏لو زهقت من الكورسات او عندك عقدة.. مركز المتحدة...‏""‏",EG,not_delivering,"7-day click or 1-day view",126,actions:post_engagement,0,0,0.44603175,"Using campaign budget",0,56.2,2023-07-15,-,-,-,4755,11.819138,14,,4.014286,0.294427,96,2.018927,0.585417,,,,23856549981060516,"المنشور: ‏""‏لو زهقت من الكورسات او عندك عقدة.. مركز المتحدة...‏""‏",23856549980830516,"المنشور: ‏""‏لو زهقت من الكورسات او عندك عقدة.. مركز المتحدة...‏""‏",23856549980910516,2023-04-08,2026-05-07,0,ABSOLUTE_OCPM,Engagement,
"المنشور: ‏""‏مش هتلاقي خصومات تاني زي دي للكورسات الهندسية...‏""‏",EG,not_delivering,"7-day click or 1-day view",18,actions:onsite_conversion.messaging_conversation_started_7d,0,0,27.70333333,"Using campaign budget",0,498.66,2024-07-06,-,-,-,14407,34.612341,31,,16.085806,0.215173,331,2.297494,1.506526,,,18,120210249526790517,"المنشور: ‏""‏مش هتلاقي خصومات تاني زي دي للكورسات الهندسية...‏""‏",120210249526470517,"المنشور: ‏""‏مش هتلاقي خصومات تاني زي دي للكورسات الهندسية...‏""‏",120210249526700517,2023-04-08,2026-05-07,0,ABSOLUTE_OCPM,Messages,27.703333
"Post: ‎""‎طالب في هندسة وعايز تعرف هتعمل أييية اليومين...‎""‎",EG,not_delivering,"7-day click or 1-day view",67,actions:onsite_conversion.messaging_conversation_started_7d,0,0,12.28298507,"Using campaign budget",0,822.96,2023-05-03,-,-,-,58521,14.062644,162,,5.08,0.276824,1530,2.614446,0.537882,,,67,23853935257650516,"Post: ‎""‎طالب في هندسة وعايز تعرف هتعمل أييية اليومين...‎""‎",23853935257530516,"Post: ‎""‎طالب في هندسة وعايز تعرف هتعمل أييية اليومين...‎""‎",23853935257600516,2023-04-08,2026-05-07,0,ABSOLUTE_OCPM,Messages,12.282985
"Post: ‎""‎لاول مرة في مصر.. هتفــــــهم السيفيل ثري دي...‎""‎",EG,not_delivering,"7-day click or 1-day view",47,actions:onsite_conversion.messaging_conversation_started_7d,0,0,15.0506383,"Using campaign budget",0,707.38,Ongoing,-,-,-,28474,24.843015,125,,5.65904,0.438997,674,2.367072,1.049525,,,47,120211663670600517,"Post: ‎""‎لاول مرة في مصر.. هتفــــــهم السيفيل ثري دي...‎""‎",120211663670450517,"Post: ‎""‎لاول مرة في مصر.. هتفــــــهم السيفيل ثري دي...‎""‎",120211663670510517,2023-04-08,2026-05-07,0,ABSOLUTE_OCPM,Messages,15.050638
"Tstt 2023",EG,not_delivering,"7-day click or 1-day view",23,actions:onsite_conversion.messaging_conversation_started_7d,0,0,16.59565217,"Using campaign budget",0,381.7,Ongoing,-,-,-,33044,11.551265,65,,5.872308,0.196707,567,1.715894,0.673192,,,23,23855486474250516,"New Engagement ad set",23855486474100516,"test  summer 2023",23855486474150516,2023-04-08,2026-05-07,0,ABSOLUTE_OCPM,Engagement,16.595652
"New Engagement ad",EG,not_delivering,"7-day click or 1-day view",4,actions:onsite_conversion.messaging_conversation_started_7d,0,0,27.995,"Using campaign budget",0,111.98,Ongoing,-,-,-,7080,15.816384,23,,4.868696,0.324859,148,2.090395,0.756622,,,4,23856677809520516,"New 13/7/2023",23856677809140516,"NEW 13/7/2023",23856677809300516,2023-04-08,2026-05-07,0,ABSOLUTE_OCPM,Engagement,27.995
"المنشور: ‏""‏مش هتلاقي خصومات تاني زي دي للكورسات الهندسية...‏""‏",EG,not_delivering,"7-day click or 1-day view",14,actions:onsite_conversion.messaging_conversation_started_7d,0,0,35.71428571,"Using campaign budget",0,500,2024-07-07,-,-,-,17169,29.122255,28,,17.857143,0.163085,345,2.009436,1.449275,,,14,120210276176800517,"المنشور: ‏""‏مش هتلاقي خصومات تاني زي دي للكورسات الهندسية...‏""‏",120210276174390517,"المنشور: ‏""‏مش هتلاقي خصومات تاني زي دي للكورسات الهندسية...‏""‏",120210276176580517,2023-04-08,2026-05-07,0,ABSOLUTE_OCPM,Messages,35.714286
"Post: ‎""‎هتتعلم كل برامج اوتوديسك ياباشمهندس دلوقتي...‎""‎",EG,not_delivering,"7-day click or 1-day view",1,actions:onsite_conversion.messaging_conversation_started_7d,0,0,82.66,"Using campaign budget",0,82.66,2024-08-24,-,-,-,1868,44.250535,1,,82.66,0.053533,58,3.104925,1.425172,,,1,120211275815040517,"Post: ‎""‎هتتعلم كل برامج اوتوديسك ياباشمهندس دلوقتي...‎""‎",120211275813920517,"Post: ‎""‎هتتعلم كل برامج اوتوديسك ياباشمهندس دلوقتي...‎""‎",120211275814200517,2023-04-08,2026-05-07,0,ABSOLUTE_OCPM,Messages,82.66
"Post: ‎""‎🎉 **خصم خاص على دبلومة الماكس المعماري لجميع...‎""‎",EG,not_delivering,"7-day click or 1-day view",26,actions:onsite_conversion.messaging_conversation_started_7d,0,0,15.35730769,"Using campaign budget",0,399.29,2024-12-14,-,-,-,11069,36.072816,34,,11.743824,0.307164,235,2.123046,1.699106,,,26,120213932234820517,"Post: ‎""‎🎉 **خصم خاص على دبلومة الماكس المعماري لجميع...‎""‎",120213932234670517,"Post: ‎""‎🎉 **خصم خاص على دبلومة الماكس المعماري لجميع...‎""‎",120213932234750517,2023-04-08,2026-05-07,0,ABSOLUTE_OCPM,Messages,15.357308
"25-6-2023 AD",EG,not_delivering,"7-day click or 1-day view",,,0,0,,"Using campaign budget",0,9.82,Ongoing,-,-,-,837,11.732378,1,,9.82,0.119474,10,1.194743,0.982,,,,23855486675660516,"New Engagement ad set",23855486675620516,"25-6-2023 TEST",23855486675640516,2023-04-08,2026-05-07,0,ABSOLUTE_OCPM,Engagement,
"New Engagement ad",EG,not_delivering,"7-day click or 1-day view",60,actions:onsite_conversion.messaging_conversation_started_7d,0,0,22.65866667,"Using campaign budget",0,1359.52,Ongoing,-,-,-,100145,13.575516,169,,8.044497,0.168755,2011,2.008088,0.676042,,,60,120203814439220517,"نص السنة 2024",120203814439060517,"نص السنة 2024",120203814439120517,2023-04-08,2026-05-07,0,ABSOLUTE_OCPM,Engagement,22.658667
"المنشور: ‏""‏انك تحترف برامج اوتوديسك مبقاش اختيار .. دلوقتي...‏""‏",EG,not_delivering,"7-day click or 1-day view",6,actions:onsite_conversion.messaging_conversation_started_7d,0,0,41.66666667,"Using campaign budget",0,250,2024-07-12,-,-,-,7054,35.440885,24,,10.416667,0.340232,121,1.715339,2.066116,,,6,120210373282650517,"المنشور: ‏""‏انك تحترف برامج اوتوديسك مبقاش اختيار .. دلوقتي...‏""‏",120210373282350517,"المنشور: ‏""‏انك تحترف برامج اوتوديسك مبقاش اختيار .. دلوقتي...‏""‏",120210373282580517,2023-04-08,2026-05-07,0,ABSOLUTE_OCPM,Messages,41.666667
"Post: ‎""‎اقوي دبلومة ديكور معانا بخصم 25% وخصومات خاصة...‎""‎",EG,not_delivering,"7-day click or 1-day view",16,actions:onsite_conversion.messaging_conversation_started_7d,0,0,29.418125,"Using campaign budget",0,470.69,2024-11-03,-,-,-,11862,39.680492,49,,9.605918,0.413084,188,1.584893,2.50367,,,16,120212884355220517,"Post: ‎""‎اقوي دبلومة ديكور معانا بخصم 25% وخصومات خاصة...‎""‎",120212884354690517,"Post: ‎""‎اقوي دبلومة ديكور معانا بخصم 25% وخصومات خاصة...‎""‎",120212884355090517,2023-04-08,2026-05-07,0,ABSOLUTE_OCPM,Messages,29.418125
"New Engagement Ad with recommended settings",EG,not_delivering,"7-day click or 1-day view",1,actions:onsite_conversion.messaging_conversation_started_7d,0,0,120.88,180,Daily,120.88,Ongoing,-,-,-,1939,62.341413,5,,24.176,0.257865,40,2.062919,3.022,,,1,120214154521170517,"New Engagement Ad set with recommended settings",120214154521180517,"New Engagement Campaign with recommended settings",120214154521160517,2023-04-08,2026-05-07,0,ABSOLUTE_OCPM,Engagement,120.88
"المنشور: ‏""‏ب 2000 جنية  بدلا 4400 جنية بس هتقدر تاخد دبلومة...‏""‏",EG,not_delivering,"7-day click or 1-day view",6,actions:onsite_conversion.messaging_conversation_started_7d,0,0,36.49333333,"Using campaign budget",0,218.96,2023-09-02,-,-,-,15359,14.256136,13,,16.843077,0.084641,528,3.437724,0.414697,,,6,23857963477720516,"المنشور: ‏""‏ب 2000 جنية  بدلا 4400 جنية بس هتقدر تاخد دبلومة...‏""‏",23857963477560516,"المنشور: ‏""‏ب 2000 جنية  بدلا 4400 جنية بس هتقدر تاخد دبلومة...‏""‏",23857963477660516,2023-04-08,2026-05-07,0,ABSOLUTE_OCPM,Messages,36.493333
"Post: ‎""‎مهندس أو طالب في هندسة.. نفسك تحترف البرامج...‎""‎",EG,not_delivering,"7-day click or 1-day view",103,actions:onsite_conversion.messaging_conversation_started_7d,0,0,14.5631068,"Using campaign budget",0,1500,2024-02-16,-,-,-,120660,12.431626,253,,5.928854,0.20968,4078,3.379745,0.367827,,,103,120205154217580517,"Post: ‎""‎مهندس أو طالب في هندسة.. نفسك تحترف البرامج...‎""‎",120205154215610517,"Post: ‎""‎مهندس أو طالب في هندسة.. نفسك تحترف البرامج...‎""‎",120205154217350517,2023-04-08,2026-05-07,0,ABSOLUTE_OCPM,Messages,14.563107
"Post: ‎""‎انك تحترف برامج اوتوديسك مبقاش اختيار .. دلوقتي...‎""‎",EG,not_delivering,"7-day click or 1-day view",14,actions:post_engagement,0,0,0.65428571,"Using campaign budget",0,9.16,2024-07-14,-,-,-,623,14.70305,10,,0.916,1.605136,15,2.407705,0.610667,,,,120210434210880517,"Post: ‎""‎انك تحترف برامج اوتوديسك مبقاش اختيار .. دلوقتي...‎""‎",120210434210680517,"Post: ‎""‎انك تحترف برامج اوتوديسك مبقاش اختيار .. دلوقتي...‎""‎",120210434210810517,2023-04-08,2026-05-07,0,ABSOLUTE_OCPM,Engagement,
"Post: ‎""‎خصومات هتخليك تحضر كل الكورسات الهندسية بأسعار...‎""‎",EG,not_delivering,"7-day click or 1-day view",13,actions:onsite_conversion.messaging_conversation_started_7d,0,0,18.48384615,"Using campaign budget",0,240.29,2024-11-08,-,-,-,5040,47.676587,22,,10.922273,0.436508,132,2.619048,1.820379,,,13,120213061298830517,"Post: ‎""‎خصومات هتخليك تحضر كل الكورسات الهندسية بأسعار...‎""‎",120213061297450517,"Post: ‎""‎خصومات هتخليك تحضر كل الكورسات الهندسية بأسعار...‎""‎",120213061297580517,2023-04-08,2026-05-07,0,ABSOLUTE_OCPM,Messages,18.483846
"Midterm 2025",EG,not_delivering,"7-day click or 1-day view",125,actions:onsite_conversion.messaging_conversation_started_7d,0,0,20.02848,180,Daily,2503.56,Ongoing,-,-,-,33333,75.107551,183,,13.680656,0.549005,1096,3.288033,2.28427,,,125,120214691236080517,"New Midterm MTC 2025",120214691236070517,"Mtc midterm 2025",120214691236060517,2023-04-08,2026-05-07,0,ABSOLUTE_OCPM,Engagement,20.02848
"Post: ‎""‎خصم حقيقي لكل المهندسين والطلبه في مصر مركز...‎""‎",EG,not_delivering,"7-day click or 1-day view",456,actions:post_engagement,0,0,0.38815789,"Using campaign budget",0,177,2023-10-23,-,-,-,28308,6.252649,65,,2.723077,0.229617,787,2.780133,0.224905,,,3,120200131845680517,"Post: ‎""‎خصم حقيقي لكل المهندسين والطلبه في مصر مركز...‎""‎",120200131845500517,"Post: ‎""‎خصم حقيقي لكل المهندسين والطلبه في مصر مركز...‎""‎",120200131845610517,2023-04-08,2026-05-07,0,ABSOLUTE_OCPM,Engagement,59
"Post: ‎""‎اقوي دبلومة ديكور معانا بخصم 30% وخصومات خاصة...‎""‎",EG,not_delivering,"7-day click or 1-day view",86,actions:onsite_conversion.messaging_conversation_started_7d,0,0,5.81395349,"Using campaign budget",0,500,2024-02-17,-,-,-,42874,11.66208,227,,2.202643,0.529458,990,2.309092,0.505051,,,86,120205236444550517,"Post: ‎""‎اقوي دبلومة ديكور معانا بخصم 30% وخصومات خاصة...‎""‎",120205236442840517,"Post: ‎""‎اقوي دبلومة ديكور معانا بخصم 30% وخصومات خاصة...‎""‎",120205236443940517,2023-04-08,2026-05-07,0,ABSOLUTE_OCPM,Messages,5.813953
"Post: ‎""‎هتتعلم كل برامج اوتوديسك ياباشمهندس دلوقتي...‎""‎",EG,not_delivering,"7-day click or 1-day view",127,actions:post_engagement,0,0,0.8923622,"Using campaign budget",0,113.33,2024-07-18,-,-,-,10626,10.665349,91,,1.245385,0.85639,270,2.540937,0.419741,,,1,120210506485030517,"Post: ‎""‎هتتعلم كل برامج اوتوديسك ياباشمهندس دلوقتي...‎""‎",120210506484860517,"Post: ‎""‎هتتعلم كل برامج اوتوديسك ياباشمهندس دلوقتي...‎""‎",120210506484980517,2023-04-08,2026-05-07,0,ABSOLUTE_OCPM,Engagement,113.33
"Post: ‎""‎خصومات هتخليك تحضر كل الكورسات الهندسية بأسعار...‎""‎",EG,not_delivering,"7-day click or 1-day view",58,actions:onsite_conversion.messaging_conversation_started_7d,0,0,17.23258621,"Using campaign budget",0,999.49,2024-11-16,-,-,-,20396,49.004217,116,,8.616293,0.568739,576,2.824083,1.735226,,,58,120213158197770517,"Post: ‎""‎خصومات هتخليك تحضر كل الكورسات الهندسية بأسعار...‎""‎",120213158197760517,"‎Post: ‎""‎خصومات هتخليك تحضر كل الكورسات الهندسية بأسعار...‎""‎‎ - Copy",120213158197750517,2023-04-08,2026-05-07,0,ABSOLUTE_OCPM,Engagement,17.232586
"منشور Instagram: ‏🚀 دبلومة ديكور احترافية مع خصم...",EG,not_delivering,"7-day click or 1-day view",15,actions:onsite_conversion.messaging_conversation_started_7d,0,0,30.07,"Using campaign budget",0,451.05,2025-01-12,-,-,-,6813,66.204315,20,,22.5525,0.293556,54,0.792602,8.352778,,,15,120214694473470517,"Instagram Post",120214694473350517,"منشور Instagram: ‏🚀 دبلومة ديكور احترافية مع خصم...",120214694473450517,2023-04-08,2026-05-07,0,ABSOLUTE_OCPM,Messages,30.07
"تفاعل رسائل",EG,not_delivering,"7-day click or 1-day view",67,actions:onsite_conversion.messaging_conversation_started_7d,0,0,18.29477612,"Using campaign budget",0,1225.75,Ongoing,-,-,-,74348,16.486657,65,,18.857692,0.087427,2101,2.8259,0.583413,,,67,120200314809410517,"تجربة  22-10",120200314809360517,"TEST 22-10",120200314809390517,2023-04-08,2026-05-07,0,ABSOLUTE_OCPM,Engagement,18.294776
"Promoting website: https://facebook.com/MuttahedaCenter.MTC",EG,not_delivering,"7-day click or 1-day view",17,actions:onsite_conversion.messaging_conversation_started_7d,0,0,5.88235294,"Using campaign budget",0,100,2024-02-21,-,-,-,5451,18.345258,39,,2.564103,0.715465,203,3.724087,0.492611,,,17,120205712506100517,"[02/20/2024] Promoting https://facebook.com/MuttahedaCenter.MTC",120205712505960517,"[02/20/2024] Promoting https://facebook.com/MuttahedaCenter.MTC",120205712506070517,2023-04-08,2026-05-07,0,ABSOLUTE_OCPM,Messages,5.882353
"Courses 17-7-2024",EG,not_delivering,"7-day click or 1-day view",4,actions:onsite_conversion.messaging_conversation_started_7d,0,0,28.03,"Using campaign budget",0,112.12,Ongoing,-,-,-,2921,38.384115,16,,7.0075,0.547758,81,2.773023,1.384198,,,4,120210514266280517,"New Course 17-7-2024",120210514266240517,"New Courses 17-7-2024",120210514266260517,2023-04-08,2026-05-07,0,ABSOLUTE_OCPM,Engagement,28.03
"Post: ‎""‎🎉 **خصم خاص على دبلومة الماكس المعماري لجميع...‎""‎",EG,not_delivering,"7-day click or 1-day view",7,actions:onsite_conversion.messaging_conversation_started_7d,0,0,29.58571429,"Using campaign budget",0,207.1,2024-12-20,-,-,-,4652,44.518487,17,,12.182353,0.365434,111,2.386071,1.865766,,,7,120214093363330517,"Post: ‎""‎🎉 **خصم خاص على دبلومة الماكس المعماري لجميع...‎""‎2",120214093363320517,"‎Post: ‎""‎🎉 **خصم خاص على دبلومة الماكس المعماري لجميع...‎""‎‎ - Copy",120214093363340517,2023-04-08,2026-05-07,0,ABSOLUTE_OCPM,Engagement,29.585714
"New Engagement Ad with recommended settings",EG,not_delivering,"7-day click or 1-day view",6,actions:onsite_conversion.messaging_conversation_started_7d,0,0,41.41,200,Daily,248.46,Ongoing,-,-,-,2874,86.450939,9,,27.606667,0.313152,49,1.704941,5.070612,,,6,120217586123570517,"Ramadan 2025",120217586123590517,"new ramadan 2 - 5/3/2025",120217586123580517,2023-04-08,2026-05-07,0,ABSOLUTE_OCPM,Engagement,41.41
"Post: ‎""‎خصم حقيقي لكل المهندسين والطلبه في مصر مركز...‎""‎",EG,not_delivering,"7-day click or 1-day view",20,actions:onsite_conversion.messaging_conversation_started_7d,0,0,19.7325,"Using campaign budget",0,394.65,2023-11-05,-,-,-,30290,13.029052,53,,7.446226,0.174975,770,2.542093,0.512532,,,20,120200637238400517,"Post: ‎""‎خصم حقيقي لكل المهندسين والطلبه في مصر مركز...‎""‎",120200637238180517,"Post: ‎""‎خصم حقيقي لكل المهندسين والطلبه في مصر مركز...‎""‎",120200637238270517,2023-04-08,2026-05-07,0,ABSOLUTE_OCPM,Messages,19.7325
"Promoting website: https://facebook.com/MuttahedaCenter.MTC",EG,not_delivering,"7-day click or 1-day view",6,actions:onsite_conversion.messaging_conversation_started_7d,0,0,32.27333333,"Using campaign budget",0,193.64,2024-03-05,-,-,-,11634,16.644318,38,,5.095789,0.326629,261,2.243424,0.741916,,,6,120206337637660517,"[03/04/2024] Promoting https://facebook.com/MuttahedaCenter.MTC",120206337637010517,"[03/04/2024] Promoting https://facebook.com/MuttahedaCenter.MTC",120206337637580517,2023-04-08,2026-05-07,0,ABSOLUTE_OCPM,Messages,32.273333
"Post: ‎""‎هتتعلم كل برامج اوتوديسك ياباشمهندس دلوقتي...‎""‎",EG,not_delivering,"7-day click or 1-day view",11,actions:onsite_conversion.messaging_conversation_started_7d,0,0,14.54545455,"Using campaign budget",0,160,2024-07-18,-,-,-,6799,23.532872,31,,5.16129,0.455949,201,2.956317,0.79602,,,11,120210525830550517,"Post: ‎""‎هتتعلم كل برامج اوتوديسك ياباشمهندس دلوقتي...‎""‎",120210525830320517,"Post: ‎""‎هتتعلم كل برامج اوتوديسك ياباشمهندس دلوقتي...‎""‎",120210525830520517,2023-04-08,2026-05-07,0,ABSOLUTE_OCPM,Messages,14.545455
"منشور Instagram: ‏**💥 خصم كبير للمجموعات! يلا جمع...",EG,not_delivering,"7-day click or 1-day view",9,actions:onsite_conversion.messaging_conversation_started_7d,0,0,31.40111111,"Using campaign budget",0,282.61,2025-01-13,-,-,-,4612,61.277103,12,,23.550833,0.260191,22,0.477016,12.845909,,,9,120214686263870517,"Instagram Post",120214686263640517,"منشور Instagram: ‏**💥 خصم كبير للمجموعات! يلا جمع...",120214686263700517,2023-04-08,2026-05-07,0,ABSOLUTE_OCPM,Messages,31.401111
"Post: ‎""‎جمع صحابك يلا نبقى قريبين!‎""‎",EG,not_delivering,"7-day click or 1-day view",29,actions:onsite_conversion.messaging_conversation_started_7d,6080,1.452961,11.03344828,"Using campaign budget",0,319.97,2025-05-21,-,-,-,8834,36.220285,80,,3.999625,0.905592,388,4.392121,0.824665,,,29,120224738941850517,"Post: ‎""‎جمع صحابك يلا نبقى قريبين!‎""‎",120224738941530517,"Post: ‎""‎جمع صحابك يلا نبقى قريبين!‎""‎",120224738941680517,2023-04-08,2026-05-07,0,ABSOLUTE_OCPM,Messages,11.033448
"Post: ‎""‎اقوي دبلومة ديكور معانا بخصم 25% وخصومات خاصة...‎""‎",EG,not_delivering,"7-day click or 1-day view",9,actions:onsite_conversion.messaging_conversation_started_7d,0,0,25.35444444,"Using campaign budget",0,228.19,2024-11-01,-,-,-,58779,3.882169,46,,4.960652,0.078259,95,0.161622,2.402,,,9,120212812930900517,"Post: ‎""‎اقوي دبلومة ديكور معانا بخصم 25% وخصومات خاصة...‎""‎",120212812930040517,"Post: ‎""‎اقوي دبلومة ديكور معانا بخصم 25% وخصومات خاصة...‎""‎",120212812930670517,2023-04-08,2026-05-07,0,ABSOLUTE_OCPM,Messages,25.354444
"New messages ad",EG,not_delivering,"7-day click or 1-day view",4,actions:onsite_conversion.messaging_conversation_started_7d,0,0,39.205,"Using campaign budget",0,156.82,Ongoing,-,-,-,7110,22.056259,25,,6.2728,0.351617,94,1.322082,1.668298,,,4,120206474912170517,"New messages ad set",120206474911880517,"New messages campaign",120206474912120517,2023-04-08,2026-05-07,0,ABSOLUTE_OCPM,Engagement,39.205
"Post: ‎""‎خصومات الصيف هتخليك تحضر كل الكورسات الهندسية...‎""‎",EG,not_delivering,"7-day click or 1-day view",,,0,0,,"Using campaign budget",0,86.85,2024-08-04,-,-,-,2061,42.139738,2,,43.425,0.09704,44,2.134886,1.973864,,,,120210747470800517,"Post: ‎""‎خصومات الصيف هتخليك تحضر كل الكورسات الهندسية...‎""‎",120210747470640517,"Post: ‎""‎خصومات الصيف هتخليك تحضر كل الكورسات الهندسية...‎""‎",120210747470730517,2023-04-08,2026-05-07,0,ABSOLUTE_OCPM,Messages,
"منشور Instagram: ‏لو انت طالب أو مهندس وعايز...",EG,not_delivering,"7-day click or 1-day view",2,actions:onsite_conversion.messaging_conversation_started_7d,0,0,44.32972639,"Using campaign budget",0,88.659453,2025-02-17,-,-,-,2016,43.977903,2,,44.329726,0.099206,7,0.347222,12.665636,,,2,120215944354410517,"Instagram Post",120215944353120517,"منشور Instagram: ‏لو انت طالب أو مهندس وعايز...",120215944353220517,2023-04-08,2026-05-07,0,ABSOLUTE_OCPM,Messages,44.329726
"Post: ‎""‎جمع صحابك يلا نبقى قريبين!‎""‎",EG,not_delivering,"7-day click or 1-day view",91,actions:onsite_conversion.messaging_conversation_started_7d,19124,1.826448,10.98098901,"Using campaign budget",0,999.27,2025-05-22,-,-,-,34929,28.608606,276,,3.620543,0.790174,920,2.633915,1.086163,,,91,120224806910540517,"Post: ‎""‎جمع صحابك يلا نبقى قريبين!‎""‎",120224806908830517,"Post: ‎""‎جمع صحابك يلا نبقى قريبين!‎""‎",120224806909210517,2023-04-08,2026-05-07,0,ABSOLUTE_OCPM,Messages,10.980989
"New Engagement Ad",EG,not_delivering,"7-day click or 1-day view",14,actions:onsite_conversion.messaging_conversation_started_7d,0,0,26.29142857,"Using campaign budget",0,368.08,Ongoing,-,-,-,11010,33.431426,45,,8.179556,0.408719,87,0.790191,4.230805,,,14,120213063899690517,"Casoural ad",120213063899590517,"Casoural ad",120213063899620517,2023-04-08,2026-05-07,0,ABSOLUTE_OCPM,Engagement,26.291429
"Post: ‎""‎🌙🌙رمضان كريم ياباشمهندسين 👷👷خلينا فاكريين شهر...‎""‎",EG,not_delivering,"7-day click or 1-day view",1,actions:onsite_conversion.messaging_conversation_started_7d,0,0,100,"Using campaign budget",0,100,2024-03-13,-,-,-,5066,19.739439,3,,33.333333,0.059218,106,2.092381,0.943396,,,1,120206701452460517,"Post: ‎""‎🌙🌙رمضان كريم ياباشمهندسين 👷👷خلينا فاكريين شهر...‎""‎",120206701452140517,"Post: ‎""‎🌙🌙رمضان كريم ياباشمهندسين 👷👷خلينا فاكريين شهر...‎""‎",120206701452410517,2023-04-08,2026-05-07,0,ABSOLUTE_OCPM,Messages,100
"Post: ‎""‎خصومات الصيف هتخليك تحضر كل الكورسات الهندسية...‎""‎",EG,not_delivering,"7-day click or 1-day view",64,actions:onsite_conversion.messaging_conversation_started_7d,0,0,23.4375,"Using campaign budget",0,1500,2024-08-05,-,-,-,61065,24.563989,204,,7.352941,0.33407,1106,1.811185,1.356239,,,64,120210762337570517,"Post: ‎""‎خصومات الصيف هتخليك تحضر كل الكورسات الهندسية...‎""‎",120210762336890517,"Post: ‎""‎خصومات الصيف هتخليك تحضر كل الكورسات الهندسية...‎""‎",120210762337040517,2023-04-08,2026-05-07,0,ABSOLUTE_OCPM,Messages,23.4375
"Post: ‎""‎لو انت طالب أو مهندس وعايز تتعلم البرامج الهندسية...‎""‎",EG,not_delivering,"7-day click or 1-day view",17,actions:onsite_conversion.messaging_conversation_started_7d,0,0,28.04679206,"Using campaign budget",0,476.795465,2025-02-16,-,-,-,6691,71.259224,39,,12.225525,0.582873,338,5.051562,1.410637,,,17,120216036460990517,"Post: ‎""‎لو انت طالب أو مهندس وعايز تتعلم البرامج الهندسية...‎""‎",120216036460780517,"Post: ‎""‎لو انت طالب أو مهندس وعايز تتعلم البرامج الهندسية...‎""‎",120216036460890517,2023-04-08,2026-05-07,0,ABSOLUTE_OCPM,Messages,28.046792
"Engineering Students 2025 - 02",EG,not_delivering,"7-day click or 1-day view",67,actions:onsite_conversion.messaging_conversation_started_7d,21020,1.768744,14.45880597,"Using campaign budget",0,968.74,Ongoing,-,-,-,37179,26.056107,186,,5.20828,0.500282,826,2.221684,1.172809,,,67,120226709068740517,"‎Post: ‎""‎جمع صحابك يلا نبقى قريبين!‎""‎‎ - Copy",120226709068730517,"Engineering Students Summer 2025",120226709068750517,2023-04-08,2026-05-07,0,ABSOLUTE_OCPM,Engagement,14.458806
"Post: ‎""‎🎓 لو انت طالب أو مهندس وعايز تتعلم البرامج...‎""‎",EG,not_delivering,"7-day click or 1-day view",4,actions:onsite_conversion.messaging_conversation_started_7d,0,0,23.2125,"Using campaign budget",0,92.85,2025-02-15,-,-,-,1897,48.945704,8,,11.60625,0.421719,82,4.322615,1.132317,,,4,120215943485350517,"Post: ‎""‎🎓 لو انت طالب أو مهندس وعايز تتعلم البرامج...‎""‎",120215943485240517,"Post: ‎""‎🎓 لو انت طالب أو مهندس وعايز تتعلم البرامج...‎""‎",120215943485330517,2023-04-08,2026-05-07,0,ABSOLUTE_OCPM,Messages,23.2125
"Post: ‎""‎🌙🌙رمضان كريم ياباشمهندسين 👷👷خلينا فاكريين شهر...‎""‎",EG,not_delivering,"7-day click or 1-day view",2,actions:onsite_conversion.messaging_conversation_started_7d,0,0,63.705,"Using campaign budget",0,127.41,2024-03-20,-,-,-,5165,24.667957,9,,14.156667,0.17425,116,2.245886,1.098362,,,2,120206868474170517,"Post: ‎""‎🌙🌙رمضان كريم ياباشمهندسين 👷👷خلينا فاكريين شهر...‎""‎",120206868474110517,"Post: ‎""‎🌙🌙رمضان كريم ياباشمهندسين 👷👷خلينا فاكريين شهر...‎""‎",120206868474140517,2023-04-08,2026-05-07,0,ABSOLUTE_OCPM,Messages,63.705
"Post: ‎""‎**مطلوب مهندس معماري محترف!**‎""‎",EG,not_delivering,"7-day click or 1-day view",29,actions:onsite_conversion.messaging_conversation_started_7d,5570,1.920646,17.9237931,"Using campaign budget",0,519.79,2025-05-29,-,-,-,10698,48.587586,44,,11.813409,0.411292,525,4.907459,0.990076,,,29,120225357813610517,"Post: ‎""‎**مطلوب مهندس معماري محترف!**‎""‎",120225357813320517,"Post: ‎""‎**مطلوب مهندس معماري محترف!**‎""‎",120225357813380517,2023-04-08,2026-05-07,0,ABSOLUTE_OCPM,Messages,17.923793
"New Engagement Ad with recommended settings",EG,not_delivering,"7-day click or 1-day view",8,actions:onsite_conversion.messaging_conversation_started_7d,0,0,27.44375,"Using campaign budget",0,219.55,Ongoing,-,-,-,3577,61.37825,17,,12.914706,0.475259,83,2.32038,2.645181,,,8,120217514207490517,"New Engagement Ad set with recommended settings",120217514207500517,"Ramadan 2025",120217514207480517,2023-04-08,2026-05-07,0,ABSOLUTE_OCPM,Engagement,27.44375
"Post: ‎""‎اخر فرصفة في الصيف ..لو نفسك تبدأ طريقك في المجال...‎""‎",EG,not_delivering,"7-day click or 1-day view",42,actions:onsite_conversion.messaging_conversation_started_7d,4454,1.958464,11.12857143,"Using campaign budget",0,467.4,2025-08-11,-,-,-,8723,53.582483,87,,5.372414,0.997363,355,4.069701,1.31662,2,233.7,42,120230505832910517,"Post: ‎""‎اخر فرصفة في الصيف ..لو نفسك تبدأ طريقك في المجال...‎""‎",120230505832610517,"Post: ‎""‎اخر فرصفة في الصيف ..لو نفسك تبدأ طريقك في المجال...‎""‎",120230505832690517,2023-04-08,2026-05-07,0,ABSOLUTE_OCPM,Messages,11.128571
"منشور Instagram: ‏لو انت طالب أو مهندس وعايز...",EG,not_delivering,"7-day click or 1-day view",1,actions:onsite_conversion.messaging_conversation_started_7d,0,0,100.40402006,"Using campaign budget",0,100.40402,2025-02-15,-,-,-,1562,64.279142,3,,33.468007,0.192061,4,0.256082,25.101005,,,1,120215943742280517,"Instagram Post",120215943742120517,"منشور Instagram: ‏لو انت طالب أو مهندس وعايز...",120215943742240517,2023-04-08,2026-05-07,0,ABSOLUTE_OCPM,Messages,100.40402
"المنشور: ‏""‏🌙🌙رمضان كريم ياباشمهندسين 👷👷خلينا فاكريين شهر...‏""‏",EG,not_delivering,"7-day click or 1-day view",9,actions:onsite_conversion.messaging_conversation_started_7d,0,0,49.58666667,"Using campaign budget",0,446.28,2024-03-21,-,-,-,18934,23.570297,32,,13.94625,0.169008,458,2.418929,0.97441,,,9,120206887841200517,"المنشور: ‏""‏🌙🌙رمضان كريم ياباشمهندسين 👷👷خلينا فاكريين شهر...‏""‏",120206887841140517,"المنشور: ‏""‏🌙🌙رمضان كريم ياباشمهندسين 👷👷خلينا فاكريين شهر...‏""‏",120206887841160517,2023-04-08,2026-05-07,0,ABSOLUTE_OCPM,Messages,49.586667
"New Engagement Ad with recommended settings",EG,not_delivering,"7-day click or 1-day view",3,actions:onsite_conversion.messaging_conversation_started_7d,0,0,58.00333333,250,Daily,174.01,Ongoing,-,-,-,4042,43.05047,6,,29.001667,0.148441,44,1.08857,3.954773,,,3,120217545871690517,"new campaign in Ramadan",120217545871700517,"New Ramadan 4-3-2025",120217545871680517,2023-04-08,2026-05-07,0,ABSOLUTE_OCPM,Engagement,58.003333
"Post: ‎""‎بتحلم ونفسك تكون مصمم ديكور محترف وتعرف إزاي تعمل...‎""‎",EG,not_delivering,"7-day click or 1-day view",26,actions:onsite_conversion.messaging_conversation_started_7d,2848,1.959972,10.42756851,"Using campaign budget",0,271.116781,2025-08-13,-,-,-,5582,48.569828,41,,6.612604,0.734504,170,3.045503,1.594805,,,26,120230585664460517,"Post: ‎""‎بتحلم ونفسك تكون مصمم ديكور محترف وتعرف إزاي تعمل...‎""‎",120230585664290517,"Post: ‎""‎بتحلم ونفسك تكون مصمم ديكور محترف وتعرف إزاي تعمل...‎""‎",120230585664340517,2023-04-08,2026-05-07,0,ABSOLUTE_OCPM,Messages,10.427569
"Messages Ad: ‎🎯 ""الفرصة الأخيرة قبل اكتمال المقاعد!""‎",EG,not_delivering,"7-day click or 1-day view",25,actions:onsite_conversion.messaging_conversation_started_7d,5945,2.16804,35.0112,"Using campaign budget",0,875.28,2025-06-29,-,-,-,12889,67.90907,46,,19.027826,0.356893,304,2.3586,2.879211,,,25,120227819347640517,"Messages Ad: ‎🎯 ""الفرصة الأخيرة قبل اكتمال المقاعد!""‎",120227819347260517,"Messages Ad: ‎🎯 ""الفرصة الأخيرة قبل اكتمال المقاعد!""‎",120227819347480517,2023-04-08,2026-05-07,0,ABSOLUTE_OCPM,Messages,35.0112
"Post: ‎""‎حجز لاقوي دبلومة ميكانيكا شاملة معتمدة من...‎""‎",EG,not_delivering,"7-day click or 1-day view",18,actions:onsite_conversion.messaging_conversation_started_7d,0,0,13.88888889,"Using campaign budget",0,250,2024-03-25,-,-,-,8724,28.65658,35,,7.142857,0.401192,172,1.971573,1.453488,,,18,120207066441040517,"Post: ‎""‎حجز لاقوي دبلومة ميكانيكا شاملة معتمدة من...‎""‎",120207066440900517,"Post: ‎""‎حجز لاقوي دبلومة ميكانيكا شاملة معتمدة من...‎""‎",120207066440990517,2023-04-08,2026-05-07,0,ABSOLUTE_OCPM,Messages,13.888889
"Post: ‎""‎📢 خصم 50% على أقوى الكورسات الهندسية بمناسبة رمضان! 🎉‎""‎",EG,not_delivering,"7-day click or 1-day view",46,actions:onsite_conversion.messaging_conversation_started_7d,0,0,24.29965159,"Using campaign budget",0,1117.783973,2025-03-11,-,-,-,25450,43.920785,87,,12.848092,0.341847,644,2.530452,1.735689,,,46,120217654424160517,"Post: ‎""‎📢 خصم 50% على أقوى الكورسات الهندسية بمناسبة رمضان! 🎉‎""‎",120217654423960517,"Post: ‎""‎📢 خصم 50% على أقوى الكورسات الهندسية بمناسبة رمضان! 🎉‎""‎",120217654424110517,2023-04-08,2026-05-07,0,ABSOLUTE_OCPM,Messages,24.299652
"Post: ‎""‎اخر فرصفة في الصيف ..لو نفسك تبدأ طريقك في المجال...‎""‎",EG,not_delivering,"7-day click or 1-day view",10,actions:onsite_conversion.messaging_conversation_started_7d,2644,1.53177,20.979,"Using campaign budget",0,209.79,2025-08-19,-,-,-,4050,51.8,25,,8.3916,0.617284,150,3.703704,1.3986,,,10,120230846829870517,"Post: ‎""‎اخر فرصفة في الصيف ..لو نفسك تبدأ طريقك في المجال...‎""‎",120230846829660517,"Post: ‎""‎اخر فرصفة في الصيف ..لو نفسك تبدأ طريقك في المجال...‎""‎",120230846829810517,2023-04-08,2026-05-07,0,ABSOLUTE_OCPM,Messages,20.979
"Post: ‎""‎🎨 نفسك تدخل عالم الديكور وتبقى مصمم محترف؟‎""‎",EG,not_delivering,"7-day click or 1-day view",36,actions:onsite_conversion.messaging_conversation_started_7d,7394,1.670273,18.95111111,"Using campaign budget",0,682.24,2025-09-01,-,-,-,12350,55.242105,65,,10.496,0.526316,295,2.388664,2.312678,,,36,120231541259170517,"Post: ‎""‎🎨 نفسك تدخل عالم الديكور وتبقى مصمم محترف؟‎""‎",120231541258620517,"Post: ‎""‎🎨 نفسك تدخل عالم الديكور وتبقى مصمم محترف؟‎""‎",120231541258890517,2023-04-08,2026-05-07,0,ABSOLUTE_OCPM,Messages,18.951111
"Post: ‎""‎قوي دبلومة ديكور معانا بخصم 30% وخصومات خاصة...‎""‎",EG,not_delivering,"7-day click or 1-day view",56,actions:link_click,0,0,2.17928571,"Using campaign budget",0,122.04,2024-03-30,-,-,-,15529,7.858845,56,,2.179286,0.360616,142,0.914418,0.859437,,,,120207264903390517,"Post: ‎""‎قوي دبلومة ديكور معانا بخصم 30% وخصومات خاصة...‎""‎",120207264902580517,"Post: ‎""‎قوي دبلومة ديكور معانا بخصم 30% وخصومات خاصة...‎""‎",120207264903320517,2023-04-08,2026-05-07,0,ABSOLUTE_OCPM,Traffic,
"‎Post: ‎""‎📢 خصم 50% على أقوى الكورسات الهندسية بمناسبة رمضان! 🎉‎""‎‎ - Copy",EG,not_delivering,"7-day click or 1-day view",6,actions:onsite_conversion.messaging_conversation_started_7d,0,0,40.0548473,"Using campaign budget",0,240.329084,2025-03-16,-,-,-,1983,121.194697,8,,30.041135,0.403429,61,3.076147,3.939821,,,6,120218094800820517,"Post: ‎""‎📢 خصم 50% على أقوى الكورسات الهندسية بمناسبة رمضان! 🎉‎""‎ - Copy",120218094799370517,"Post: ‎""‎📢 خصم 50% على أقوى الكورسات الهندسية بمناسبة رمضان! 🎉‎""‎ - Copy",120218094799770517,2023-04-08,2026-05-07,0,ABSOLUTE_OCPM,Engagement,40.054847
"Post: ‎""‎دلوقتي فرصتك مع أقوى كورسات هندسية في مركز...‎""‎",EG,not_delivering,"7-day click or 1-day view",10,actions:onsite_conversion.messaging_conversation_started_7d,3588,1.61427,37.996,"Using campaign budget",0,379.96,2025-09-28,-,-,-,5792,65.600829,14,,27.14,0.241713,170,2.935083,2.235059,,,10,120232853725520517,"Post: ‎""‎دلوقتي فرصتك مع أقوى كورسات هندسية في مركز...‎""‎",120232853723560517,"Post: ‎""‎دلوقتي فرصتك مع أقوى كورسات هندسية في مركز...‎""‎",120232853724580517,2023-04-08,2026-05-07,0,ABSOLUTE_OCPM,Messages,37.996
"30 % OFF NEW 22-9-2025 Ad",EG,not_delivering,"7-day click or 1-day view",29,actions:link_click,7000,1.012143,1.96034483,180,Daily,56.85,Ongoing,-,-,-,7085,8.023994,29,,1.960345,0.409315,96,1.354975,0.592188,,,,120232816058910517,"30 % OFF NEW 22-9-2025 Ad set",120232816058890517,"30 % OFF NEW 22-9-2025 Campaign",120232816058900517,2023-04-08,2026-05-07,0,ABSOLUTE_OCPM,Traffic,
"Post: ‎""‎اقوي دبلومة ديكور معانا بخصم 30% وخصومات خاصة...‎""‎",EG,not_delivering,"7-day click or 1-day view",31,actions:onsite_conversion.messaging_conversation_started_7d,0,0,8.74903226,"Using campaign budget",0,271.22,2024-03-31,-,-,-,5615,48.30276,112,,2.421607,1.994657,186,3.312556,1.458172,,,31,120207350488470517,"Post: ‎""‎اقوي دبلومة ديكور معانا بخصم 30% وخصومات خاصة...‎""‎",120207350488220517,"Post: ‎""‎اقوي دبلومة ديكور معانا بخصم 30% وخصومات خاصة...‎""‎",120207350488270517,2023-04-08,2026-05-07,0,ABSOLUTE_OCPM,Messages,8.749032
"Post: ‎""‎📢 خصم 50% على أقوى الكورسات الهندسية بمناسبة رمضان! 🎉‎""‎",EG,not_delivering,"7-day click or 1-day view",40,actions:onsite_conversion.messaging_conversation_started_7d,0,0,23.114,"Using campaign budget",0,924.56,2025-03-31,-,-,-,19217,48.111568,64,,14.44625,0.333038,598,3.111828,1.546087,,,40,120218720201700517,"Post: ‎""‎📢 خصم 50% على أقوى الكورسات الهندسية بمناسبة رمضان! 🎉‎""‎",120218720200830517,"Post: ‎""‎📢 خصم 50% على أقوى الكورسات الهندسية بمناسبة رمضان! 🎉‎""‎",120218720201670517,2023-04-08,2026-05-07,0,ABSOLUTE_OCPM,Messages,23.114
"Post: ‎""‎دلوقتي فرصتك مع أقوى كورسات هندسية في مركز...‎""‎",EG,not_delivering,"7-day click or 1-day view",34,actions:onsite_conversion.messaging_conversation_started_7d,5960,2.186074,26.83147059,"Using campaign budget",0,912.27,2025-09-30,-,-,-,13029,70.01842,52,,17.543654,0.39911,331,2.540487,2.756103,,,34,120232963154760517,"Post: ‎""‎دلوقتي فرصتك مع أقوى كورسات هندسية في مركز...‎""‎",120232963154080517,"Post: ‎""‎دلوقتي فرصتك مع أقوى كورسات هندسية في مركز...‎""‎",120232963154560517,2023-04-08,2026-05-07,0,ABSOLUTE_OCPM,Messages,26.831471
"Tailored messages campaign 11/15/2025 Ad",EG,not_delivering,"7-day click or 1-day view",29,actions:onsite_conversion.messaging_conversation_started_7d,4931,1.923748,30.40310345,180,Daily,881.69,Ongoing,-,-,-,9486,92.946447,193,,4.568342,2.034577,303,3.194181,2.909868,,,29,120235955404050517,"MTC 5-11-2025 Ad set",120235955404030517,"MTC 5-11-2025 Campaign",120235955404040517,2023-04-08,2026-05-07,0,ABSOLUTE_OCPM,Engagement,30.403103
"Post: ‎""‎حجز لاقوي دبلومة ميكانيكا شاملة معتمدة من...‎""‎",EG,not_delivering,"7-day click or 1-day view",13,actions:onsite_conversion.messaging_conversation_started_7d,0,0,20.59076923,"Using campaign budget",0,267.68,2024-03-31,-,-,-,10910,24.535289,42,,6.373333,0.384968,197,1.805683,1.358782,,,13,120207350537830517,"Post: ‎""‎حجز لاقوي دبلومة ميكانيكا شاملة معتمدة من...‎""‎",120207350537710517,"Post: ‎""‎حجز لاقوي دبلومة ميكانيكا شاملة معتمدة من...‎""‎",120207350537780517,2023-04-08,2026-05-07,0,ABSOLUTE_OCPM,Messages,20.590769
"Post: ‎""‎📢 خصم 50% على أقوى الكورسات الهندسية بمناسبة رمضان! 🎉‎""‎",EG,not_delivering,"7-day click or 1-day view",22,actions:onsite_conversion.messaging_conversation_started_7d,0,0,14.29454545,"Using campaign budget",0,314.48,2025-04-07,-,-,-,4808,65.407654,24,,13.103333,0.499168,211,4.388519,1.490427,,,22,120220180731790517,"Post: ‎""‎📢 خصم 50% على أقوى الكورسات الهندسية بمناسبة رمضان! 🎉‎""‎",120220180728760517,"Post: ‎""‎📢 خصم 50% على أقوى الكورسات الهندسية بمناسبة رمضان! 🎉‎""‎",120220180731430517,2023-04-08,2026-05-07,0,ABSOLUTE_OCPM,Messages,14.294545
"Post: ‎""‎دلوقتي فرصتك مع أقوى كورسات هندسية في مركز...‎""‎",EG,not_delivering,"7-day click or 1-day view",16,actions:onsite_conversion.messaging_conversation_started_7d,5784,1.402144,24.85375,"Using campaign budget",0,397.66,2025-10-04,-,-,-,8110,49.033292,102,,3.898627,1.257707,215,2.651048,1.849581,,,16,120233314517340517,"Post: ‎""‎دلوقتي فرصتك مع أقوى كورسات هندسية في مركز...‎""‎",120233314516820517,"Post: ‎""‎دلوقتي فرصتك مع أقوى كورسات هندسية في مركز...‎""‎",120233314517200517,2023-04-08,2026-05-07,0,ABSOLUTE_OCPM,Messages,24.85375
"Post: ‎""‎طالب في هندسة وعايز تعرف هتعمل أييية اليومين...‎""‎",EG,not_delivering,"7-day click or 1-day view",24,actions:onsite_conversion.messaging_conversation_started_7d,7543,1.720536,33.13354703,"Using campaign budget",0,795.205129,2026-01-19,-,-,-,12978,61.273319,81,,9.817347,0.624133,298,2.296194,2.668474,,,24,120238800566880517,"Post: ‎""‎طالب في هندسة وعايز تعرف هتعمل أييية اليومين...‎""‎",120238800563300517,"Post: ‎""‎طالب في هندسة وعايز تعرف هتعمل أييية اليومين...‎""‎",120238800564140517,2023-04-08,2026-05-07,0,ABSOLUTE_OCPM,Engagement,33.133547
"Post: ‎""‎طلاب هندسة والسادة المهندسين يركزو في العرض ده مش...‎""‎",EG,inactive,"7-day click or 1-day view",19,actions:onsite_conversion.messaging_conversation_started_7d,0,0,12.69526316,"Using campaign budget",0,241.21,2024-05-28,-,-,-,9214,26.178641,35,,6.891714,0.379857,270,2.930323,0.89337,,,19,120209343963950517,"Post: ‎""‎طلاب هندسة والسادة المهندسين يركزو في العرض ده مش...‎""‎",120209343963200517,"Post: ‎""‎طلاب هندسة والسادة المهندسين يركزو في العرض ده مش...‎""‎",120209343963840517,2023-04-08,2026-05-07,0,ABSOLUTE_OCPM,Messages,12.695263
"Messages Ad: ‎جمع صحابك يلا نبقى قريبين!‎",EG,not_delivering,"7-day click or 1-day view",139,actions:onsite_conversion.messaging_conversation_started_7d,47306,2.051748,16.52309335,"Using campaign budget",0,2296.709975,2025-07-05,-,-,-,97060,23.662786,535,,4.292916,0.551205,2209,2.275912,1.039706,,,139,120228079259990517,"Messages Ad: ‎جمع صحابك يلا نبقى قريبين!‎",120228079259350517,"Messages Ad: ‎جمع صحابك يلا نبقى قريبين!‎",120228079259730517,2023-04-08,2026-05-07,0,ABSOLUTE_OCPM,Messages,16.523093
"Post: ‎""‎احجز الآن أقوى دبلومة ميكانيكا شاملة – معتمدة...‎""‎",EG,not_delivering,"7-day click or 1-day view",45,actions:onsite_conversion.messaging_conversation_started_7d,12889,2.480642,29.63911111,"Using campaign budget",0,1333.76,Ongoing,-,-,-,31973,41.715197,160,,8.336,0.500422,533,1.667032,2.502364,,,45,120237312946050517,"Post: ‎""‎احجز الآن أقوى دبلومة ميكانيكا شاملة – معتمدة...‎""‎",120237312943160517,"Post: ‎""‎احجز الآن أقوى دبلومة ميكانيكا شاملة – معتمدة...‎""‎",120237312944080517,2023-04-08,2026-05-07,0,ABSOLUTE_OCPM,Engagement,29.639111
"Post: ‎""‎في مركز المتحدة للتدريب الهندسي (MTC)‎""‎",EG,not_delivering,"7-day click or 1-day view",17,actions:onsite_conversion.messaging_conversation_started_7d,4884,1.666462,21.89235294,"Using campaign budget",0,372.17,Ongoing,-,-,-,8139,45.726748,49,,7.595306,0.60204,187,2.29758,1.990214,,,17,120239132507540517,"Post: ‎""‎في مركز المتحدة للتدريب الهندسي (MTC)‎""‎",120239132506420517,"Post: ‎""‎في مركز المتحدة للتدريب الهندسي (MTC)‎""‎",120239132506750517,2023-04-08,2026-05-07,0,ABSOLUTE_OCPM,Engagement,21.892353
"Post: ‎""‎مطلوب مهندس حديث التخرج ... خبرة 10 سنين للعمل في...‎""‎",EG,not_delivering,"7-day click or 1-day view",11,actions:onsite_conversion.messaging_conversation_started_7d,0,0,31.06181818,"Using campaign budget",0,341.68,2024-06-02,-,-,-,21871,15.622514,35,,9.762286,0.160029,921,4.211056,0.370988,,,11,120209506729960517,"Post: ‎""‎مطلوب مهندس حديث التخرج ... خبرة 10 سنين للعمل في...‎""‎",120209506729590517,"Post: ‎""‎مطلوب مهندس حديث التخرج ... خبرة 10 سنين للعمل في...‎""‎",120209506729650517,2023-04-08,2026-05-07,0,ABSOLUTE_OCPM,Messages,31.061818
"Post: ‎""‎بتحلم ونفسك تكون مصمم ديكور محترف وتعرف إزاي تعمل...‎""‎",EG,not_delivering,"7-day click or 1-day view",6,actions:onsite_conversion.messaging_conversation_started_7d,1708,1.267564,18.10166667,"Using campaign budget",0,108.61,2025-08-19,-,-,-,2165,50.166282,15,,7.240667,0.692841,53,2.448037,2.049245,,,6,120230846699530517,"Post: ‎""‎بتحلم ونفسك تكون مصمم ديكور محترف وتعرف إزاي تعمل...‎""‎",120230846698980517,"Post: ‎""‎بتحلم ونفسك تكون مصمم ديكور محترف وتعرف إزاي تعمل...‎""‎",120230846699160517,2023-04-08,2026-05-07,0,ABSOLUTE_OCPM,Messages,18.101667
"Post: ‎""‎تدريب معماري احترافي لسوق العمل‎""‎",EG,not_delivering,"7-day click or 1-day view",30,actions:onsite_conversion.messaging_conversation_started_7d,4756,2.132675,22.79966667,"Using campaign budget",0,683.99,Ongoing,-,-,-,10143,67.434684,35,,19.542571,0.345066,292,2.878833,2.342432,,,30,120238236341430517,"Post: ‎""‎تدريب معماري احترافي لسوق العمل‎""‎",120238236340540517,"Post: ‎""‎تدريب معماري احترافي لسوق العمل‎""‎",120238236340780517,2023-04-08,2026-05-07,0,ABSOLUTE_OCPM,Engagement,22.799667
"Post: ‎""‎سواء كنت في مصر، السعودية، الإمارات، أو أي مكان...‎""‎",EG,not_delivering,"7-day click or 1-day view",104,actions:onsite_conversion.messaging_conversation_started_7d,20856,2.303558,25.29634623,"Using campaign budget",0,2630.820007,Ongoing,-,-,-,48043,54.759695,293,,8.978908,0.60987,1297,2.699665,2.028389,,,104,120240035109250517,"Post: ‎""‎سواء كنت في مصر، السعودية، الإمارات، أو أي مكان...‎""‎",120240035107810517,"Post: ‎""‎سواء كنت في مصر، السعودية، الإمارات، أو أي مكان...‎""‎",120240035108140517,2023-04-08,2026-05-07,0,ABSOLUTE_OCPM,Engagement,25.296346
"New Engagement Ad with recommended settings",EG,not_delivering,"7-day click or 1-day view",29,actions:onsite_conversion.messaging_conversation_started_7d,0,0,25.10482759,250,Daily,728.04,Ongoing,-,-,-,43215,16.846928,87,,8.368276,0.201319,1225,2.834664,0.594318,,,29,120209696216450517,"Seeef 2024",120209696216440517,"Seeef 2024",120209696216430517,2023-04-08,2026-05-07,0,ABSOLUTE_OCPM,Engagement,25.104828
"Post: ‎""‎دلوقتي فرصتك مع أقوى كورسات هندسية في مركز...‎""‎",EG,not_delivering,"7-day click or 1-day view",43,actions:onsite_conversion.messaging_conversation_started_7d,5145,2.366181,23.99488372,"Using campaign budget",0,1031.78,2025-10-15,-,-,-,12174,84.752752,64,,16.121563,0.525711,440,3.61426,2.344955,,,43,120233630391490517,"Post: ‎""‎دلوقتي فرصتك مع أقوى كورسات هندسية في مركز...‎""‎",120233630391130517,"Post: ‎""‎دلوقتي فرصتك مع أقوى كورسات هندسية في مركز...‎""‎",120233630391220517,2023-04-08,2026-05-07,0,ABSOLUTE_OCPM,Messages,23.994884
"Post: ‎""‎مطلوب مهندسين طموحين!‎""‎",EG,not_delivering,"7-day click or 1-day view",217,actions:onsite_conversion.messaging_conversation_started_7d,61714,2.181255,13.63958525,"Using campaign budget",0,2959.79,Ongoing,-,-,-,134614,21.987238,681,,4.346241,0.505891,4434,3.293862,0.667521,,,217,120238883985510517,"Post: ‎""‎مطلوب مهندسين طموحين!‎""‎",120238883982520517,"Post: ‎""‎مطلوب مهندسين طموحين!‎""‎",120238883982770517,2023-04-08,2026-05-07,0,ABSOLUTE_OCPM,Engagement,13.639585
"Post: ‎""‎ابدأ مستقبلك في التصميم الداخلي باحتراف‎""‎",EG,not_delivering,"7-day click or 1-day view",68,actions:onsite_conversion.messaging_conversation_started_7d,18588,1.655477,14.30426471,"Using campaign budget",0,972.69,Ongoing,-,-,-,30772,31.60958,184,,5.286359,0.597946,540,1.754842,1.801278,,,68,120241838462140517,"Post: ‎""‎ابدأ مستقبلك في التصميم الداخلي باحتراف‎""‎",120241838461690517,"Post: ‎""‎ابدأ مستقبلك في التصميم الداخلي باحتراف‎""‎",120241838462100517,2023-04-08,2026-05-07,0,ABSOLUTE_OCPM,Messages,14.304265
"الديكور والماكس",EG,not_delivering,"7-day click or 1-day view",10,actions:onsite_conversion.messaging_conversation_started_7d,0,0,30.675,90,Daily,306.75,Ongoing,-,-,-,10770,28.481894,19,,16.144737,0.176416,240,2.228412,1.278125,,,10,120209812111160517,"New Engagement Ad set with recommended settings",120209812111150517,"ديكور وماكس",120209812111140517,2023-04-08,2026-05-07,0,ABSOLUTE_OCPM,Engagement,30.675
"Post: ‎""‎بتحلم ونفسك تكون مصمم ديكور محترف وتعرف إزاي تعمل...‎""‎",EG,not_delivering,"7-day click or 1-day view",21,actions:onsite_conversion.messaging_conversation_started_7d,5092,1.957384,28.47047619,"Using campaign budget",0,597.88,2026-01-12,-,-,-,9967,59.985954,60,,9.964667,0.601987,213,2.137052,2.806948,,,21,120238581980430517,"Post: ‎""‎بتحلم ونفسك تكون مصمم ديكور محترف وتعرف إزاي تعمل...‎""‎",120238581976750517,"Post: ‎""‎بتحلم ونفسك تكون مصمم ديكور محترف وتعرف إزاي تعمل...‎""‎",120238581978150517,2023-04-08,2026-05-07,0,ABSOLUTE_OCPM,Engagement,28.470476
"Post: ‎""‎في مركز المتحدة للتدريب الهندسي (MTC)‎""‎",EG,not_delivering,"7-day click or 1-day view",6,actions:onsite_conversion.messaging_conversation_started_7d,3544,1.363995,47.79833333,"Using campaign budget",0,286.79,Ongoing,-,-,-,4834,59.327679,32,,8.962188,0.661978,92,1.903186,3.117283,,,6,120239019502160517,"Post: ‎""‎في مركز المتحدة للتدريب الهندسي (MTC)‎""‎",120239019498070517,"Post: ‎""‎في مركز المتحدة للتدريب الهندسي (MTC)‎""‎",120239019498340517,2023-04-08,2026-05-07,0,ABSOLUTE_OCPM,Engagement,47.798333
"Promoting website: https://api.whatsapp.com/send",EG,not_delivering,"7-day click or 1-day view",1,actions:onsite_conversion.messaging_conversation_started_7d,174,1.235632,15.63,"Using campaign budget",0,15.63,Ongoing,-,-,-,215,72.697674,2,,7.815,0.930233,5,2.325581,3.126,,,1,120242740074930517,"[4/13/2026] Promoting https://api.whatsapp.com/send",120242740072430517,"[4/13/2026] Promoting https://api.whatsapp.com/send",120242740074370517,2023-04-08,2026-05-07,0,ABSOLUTE_OCPM,Messages,15.63
"المنشور: ‏""‏30/6/2024 ده يوم مميز لكل المهندسين اللي هيبدأو...‏""‏",EG,not_delivering,"7-day click or 1-day view",18,actions:onsite_conversion.messaging_conversation_started_7d,0,0,11.09888889,"Using campaign budget",0,199.78,2024-06-16,-,-,-,9864,20.253447,42,,4.756667,0.425791,202,2.047851,0.98901,,,18,120209873608160517,"المنشور: ‏""‏30/6/2024 ده يوم مميز لكل المهندسين اللي هيبدأو...‏""‏",120209873608010517,"المنشور: ‏""‏30/6/2024 ده يوم مميز لكل المهندسين اللي هيبدأو...‏""‏",120209873608110517,2023-04-08,2026-05-07,0,ABSOLUTE_OCPM,Messages,11.098889
"Post: ‎""‎لمهندسي المدني (إنشاءات وطرق).. أقوى عرض بخصم 50%...‎""‎",EG,not_delivering,"7-day click or 1-day view",17,actions:post_engagement,7139,1.050147,7.54235294,"Using campaign budget",0,128.22,Ongoing,-,-,-,7497,17.102841,,,,,17,0.226757,7.542353,,,,120243228761780517,"Post: ‎""‎لمهندسي المدني (إنشاءات وطرق).. أقوى عرض بخصم 50%...‎""‎",120243228759180517,"Post: ‎""‎لمهندسي المدني (إنشاءات وطرق).. أقوى عرض بخصم 50%...‎""‎",120243228759540517,2023-04-08,2026-05-07,0,ABSOLUTE_OCPM,Engagement,
"Post: ‎""‎خلاص هيبدأوا.. آخر فرصة للحجز بخصم بيوصل 50% حقيقي!‎""‎",EG,not_delivering,"7-day click or 1-day view",1,actions:post_engagement,2355,1.077282,25.71,"Using campaign budget",0,25.71,Ongoing,-,-,-,2537,10.134017,,,,,0,0,0,,,,120243228740780517,"Post: ‎""‎خلاص هيبدأوا.. آخر فرصة للحجز بخصم بيوصل 50% حقيقي!‎""‎",120243228739110517,"Post: ‎""‎خلاص هيبدأوا.. آخر فرصة للحجز بخصم بيوصل 50% حقيقي!‎""‎",120243228739560517,2023-04-08,2026-05-07,0,ABSOLUTE_OCPM,Engagement,
"Post: ‎""‎""مش نقص شغل... نقص مهارة!"" 💡‎""‎",EG,not_delivering,"7-day click or 1-day view",5,actions:onsite_conversion.messaging_conversation_started_7d,5407,1.536342,79.66627715,"Using campaign budget",0,398.331386,Ongoing,-,-,-,8307,47.951292,34,,11.715629,0.409293,134,1.613097,2.972622,,,5,120242798818540517,"Post: ‎""‎""مش نقص شغل... نقص مهارة!"" 💡‎""‎",120242798816940517,"Post: ‎""‎""مش نقص شغل... نقص مهارة!"" 💡‎""‎",120242798817620517,2023-04-08,2026-05-07,0,ABSOLUTE_OCPM,Engagement,79.666277
"المنشور: ‏""‏30/6/2024 ده يوم مميز لكل المهندسين اللي هيبدأو...‏""‏",EG,not_delivering,"7-day click or 1-day view",27,actions:onsite_conversion.messaging_conversation_started_7d,0,0,18.51851852,"Using campaign budget",0,500,2024-06-25,-,-,-,15647,31.955007,78,,6.410256,0.498498,453,2.895124,1.103753,,,27,120210019015000517,"المنشور: ‏""‏30/6/2024 ده يوم مميز لكل المهندسين اللي هيبدأو...‏""‏",120210019014880517,"المنشور: ‏""‏30/6/2024 ده يوم مميز لكل المهندسين اللي هيبدأو...‏""‏",120210019014950517,2023-04-08,2026-05-07,0,ABSOLUTE_OCPM,Messages,18.518519
"Promoting website: https://facebook.com/MuttahedaCenter.MTC",EG,not_delivering,"7-day click or 1-day view",85,actions:onsite_conversion.messaging_conversation_started_7d,12903,1.669534,9.37660647,"Using campaign budget",0,797.01155,Ongoing,-,-,-,21542,36.998029,231,,3.450266,1.072324,485,2.251416,1.643323,,,85,120243284464440517,"[4/22/2026] Promoting https://facebook.com/MuttahedaCenter.MTC",120243284463640517,"[4/22/2026] Promoting https://facebook.com/MuttahedaCenter.MTC",120243284464110517,2023-04-08,2026-05-07,0,ABSOLUTE_OCPM,Messages,9.376606
"Promoting website: https://facebook.com/MuttahedaCenter.MTC",EG,not_delivering,"7-day click or 1-day view",62,actions:onsite_conversion.messaging_conversation_started_7d,15671,1.901283,11.85801591,"Using campaign budget",0,735.196986,Ongoing,-,-,-,29795,24.67518,284,,2.588722,0.95318,687,2.305756,1.070156,,,62,120243284531550517,"[4/22/2026] Promoting https://facebook.com/MuttahedaCenter.MTC",120243284531300517,"[4/22/2026] Promoting https://facebook.com/MuttahedaCenter.MTC",120243284531470517,2023-04-08,2026-05-07,0,ABSOLUTE_OCPM,Messages,11.858016
"Post: ‎""‎لمهندسي الكهرباء والميكانيكا.. احترف الـ BIM بخصم...‎""‎",EG,not_delivering,"7-day click or 1-day view",11,actions:post_engagement,2303,1.034737,3.72909091,"Using campaign budget",0,41.02,Ongoing,-,-,-,2383,17.213596,,,,,20,0.839278,2.051,,,,120243228773140517,"Post: ‎""‎لمهندسي الكهرباء والميكانيكا.. احترف الـ BIM بخصم...‎""‎",120243228771150517,"Post: ‎""‎لمهندسي الكهرباء والميكانيكا.. احترف الـ BIM بخصم...‎""‎",120243228771820517,2023-04-08,2026-05-07,0,ABSOLUTE_OCPM,Engagement,
"Instagram post: ‎لمهندسي الكهرباء والميكانيكا.....",EG,not_delivering,"7-day click or 1-day view",,,2,1,,"Using campaign budget",0,0.23,Ongoing,-,-,-,2,115,,,,,0,0,0,,,,120243579844120517,"Instagram post: ‎لمهندسي الكهرباء والميكانيكا.....",120243579842160517,"Instagram post: ‎لمهندسي الكهرباء والميكانيكا.....",120243579843090517,2023-04-08,2026-05-07,0,ABSOLUTE_OCPM,Traffic,
"Post: ‎""‎📢 خصم 50% على أقوى الكورسات الهندسية بمناسبة رمضان! 🎉‎""‎",LY,not_delivering,"7-day click or 1-day view",8,actions:onsite_conversion.messaging_conversation_started_7d,0,0,29.03075337,"Using campaign budget",0,232.246027,2025-03-11,-,-,-,7864,29.532811,29,,8.008484,0.368769,282,3.585961,0.823567,,,8,120217654424160517,"Post: ‎""‎📢 خصم 50% على أقوى الكورسات الهندسية بمناسبة رمضان! 🎉‎""‎",120217654423960517,"Post: ‎""‎📢 خصم 50% على أقوى الكورسات الهندسية بمناسبة رمضان! 🎉‎""‎",120217654424110517,2023-04-08,2026-05-07,0,ABSOLUTE_OCPM,Messages,29.030753
"Post: ‎""‎بتحلم ونفسك تكون مصمم ديكور محترف وتعرف إزاي تعمل...‎""‎",LY,not_delivering,"7-day click or 1-day view",7,actions:onsite_conversion.messaging_conversation_started_7d,1637,2.126451,16.42183931,"Using campaign budget",0,114.952875,2025-08-13,-,-,-,3481,33.022946,13,,8.842529,0.373456,190,5.458202,0.605015,,,7,120230585664460517,"Post: ‎""‎بتحلم ونفسك تكون مصمم ديكور محترف وتعرف إزاي تعمل...‎""‎",120230585664290517,"Post: ‎""‎بتحلم ونفسك تكون مصمم ديكور محترف وتعرف إزاي تعمل...‎""‎",120230585664340517,2023-04-08,2026-05-07,0,ABSOLUTE_OCPM,Messages,16.421839
"Post: ‎""‎🎨 نفسك تدخل عالم الديكور وتبقى مصمم محترف؟‎""‎",LY,not_delivering,"7-day click or 1-day view",11,actions:onsite_conversion.messaging_conversation_started_7d,1852,1.707883,7.91909091,"Using campaign budget",0,87.11,2025-09-01,-,-,-,3163,27.54031,20,,4.3555,0.632311,124,3.920329,0.7025,,,11,120231541259170517,"Post: ‎""‎🎨 نفسك تدخل عالم الديكور وتبقى مصمم محترف؟‎""‎",120231541258620517,"Post: ‎""‎🎨 نفسك تدخل عالم الديكور وتبقى مصمم محترف؟‎""‎",120231541258890517,2023-04-08,2026-05-07,0,ABSOLUTE_OCPM,Messages,7.919091
"‎Post: ‎""‎📢 خصم 50% على أقوى الكورسات الهندسية بمناسبة رمضان! 🎉‎""‎‎ - Copy",LY,not_delivering,"7-day click or 1-day view",,,0,0,,"Using campaign budget",0,22.480916,2025-03-16,-,-,-,530,42.416823,2,,11.240458,0.377358,17,3.207547,1.322407,,,,120218094800820517,"Post: ‎""‎📢 خصم 50% على أقوى الكورسات الهندسية بمناسبة رمضان! 🎉‎""‎ - Copy",120218094799370517,"Post: ‎""‎📢 خصم 50% على أقوى الكورسات الهندسية بمناسبة رمضان! 🎉‎""‎ - Copy",120218094799770517,2023-04-08,2026-05-07,0,ABSOLUTE_OCPM,Engagement,
"Post: ‎""‎📢 خصم 50% على أقوى الكورسات الهندسية بمناسبة رمضان! 🎉‎""‎",LY,not_delivering,"7-day click or 1-day view",7,actions:onsite_conversion.messaging_conversation_started_7d,0,0,21.30285714,"Using campaign budget",0,149.12,2025-03-31,-,-,-,3885,38.383526,18,,8.284444,0.46332,196,5.045045,0.760816,,,7,120218720201700517,"Post: ‎""‎📢 خصم 50% على أقوى الكورسات الهندسية بمناسبة رمضان! 🎉‎""‎",120218720200830517,"Post: ‎""‎📢 خصم 50% على أقوى الكورسات الهندسية بمناسبة رمضان! 🎉‎""‎",120218720201670517,2023-04-08,2026-05-07,0,ABSOLUTE_OCPM,Messages,21.302857
"Post: ‎""‎📢 خصم 50% على أقوى الكورسات الهندسية بمناسبة رمضان! 🎉‎""‎",LY,not_delivering,"7-day click or 1-day view",5,actions:onsite_conversion.messaging_conversation_started_7d,0,0,11.736,"Using campaign budget",0,58.68,2025-04-07,-,-,-,1856,31.616379,9,,6.52,0.484914,99,5.334052,0.592727,,,5,120220180731790517,"Post: ‎""‎📢 خصم 50% على أقوى الكورسات الهندسية بمناسبة رمضان! 🎉‎""‎",120220180728760517,"Post: ‎""‎📢 خصم 50% على أقوى الكورسات الهندسية بمناسبة رمضان! 🎉‎""‎",120220180731430517,2023-04-08,2026-05-07,0,ABSOLUTE_OCPM,Messages,11.736
"Post: ‎""‎بتحلم ونفسك تكون مصمم ديكور محترف وتعرف إزاي تعمل...‎""‎",LY,not_delivering,"7-day click or 1-day view",5,actions:onsite_conversion.messaging_conversation_started_7d,783,1.325671,6.552,"Using campaign budget",0,32.76,2025-08-19,-,-,-,1038,31.560694,8,,4.095,0.770713,46,4.431599,0.712174,,,5,120230846699530517,"Post: ‎""‎بتحلم ونفسك تكون مصمم ديكور محترف وتعرف إزاي تعمل...‎""‎",120230846698980517,"Post: ‎""‎بتحلم ونفسك تكون مصمم ديكور محترف وتعرف إزاي تعمل...‎""‎",120230846699160517,2023-04-08,2026-05-07,0,ABSOLUTE_OCPM,Messages,6.552
"Post: ‎""‎سواء كنت في مصر، السعودية، الإمارات، أو أي مكان...‎""‎",OM,not_delivering,"7-day click or 1-day view",,,4,1.5,,"Using campaign budget",0,0.039999,Ongoing,-,-,-,6,6.666565,,,,,0,0,0,,,,120240035109250517,"Post: ‎""‎سواء كنت في مصر، السعودية، الإمارات، أو أي مكان...‎""‎",120240035107810517,"Post: ‎""‎سواء كنت في مصر، السعودية، الإمارات، أو أي مكان...‎""‎",120240035108140517,2023-04-08,2026-05-07,0,ABSOLUTE_OCPM,Engagement,
"Post: ‎""‎تدريب معماري احترافي لسوق العمل‎""‎",QA,not_delivering,"7-day click or 1-day view",3,actions:onsite_conversion.messaging_conversation_started_7d,152,1.75,6.88333333,"Using campaign budget",0,20.65,Ongoing,-,-,-,266,77.631579,3,,6.883333,1.12782,11,4.135338,1.877273,,,3,120238236341430517,"Post: ‎""‎تدريب معماري احترافي لسوق العمل‎""‎",120238236340540517,"Post: ‎""‎تدريب معماري احترافي لسوق العمل‎""‎",120238236340780517,2023-04-08,2026-05-07,0,ABSOLUTE_OCPM,Engagement,6.883333
"منشور Instagram: ‏لو انت طالب أو مهندس وعايز...",QA,not_delivering,"7-day click or 1-day view",,,0,0,,"Using campaign budget",0,2.666975,2025-02-17,-,-,-,18,148.165302,,,,,0,0,0,,,,120215944354410517,"Instagram Post",120215944353120517,"منشور Instagram: ‏لو انت طالب أو مهندس وعايز...",120215944353220517,2023-04-08,2026-05-07,0,ABSOLUTE_OCPM,Messages,
"منشور Instagram: ‏لو انت طالب أو مهندس وعايز...",QA,not_delivering,"7-day click or 1-day view",,,0,0,,"Using campaign budget",0,2.418651,2025-02-15,-,-,-,16,151.165718,,,,,0,0,0,,,,120215943742280517,"Instagram Post",120215943742120517,"منشور Instagram: ‏لو انت طالب أو مهندس وعايز...",120215943742240517,2023-04-08,2026-05-07,0,ABSOLUTE_OCPM,Messages,
"Post: ‎""‎خلاص هيبدأوا.. آخر فرصة للحجز بخصم بيوصل 50% حقيقي!‎""‎",QA,not_delivering,"7-day click or 1-day view",,,181,1.066298,,"Using campaign budget",0,3.72,Ongoing,-,-,-,193,19.274611,,,,,0,0,0,,,,120243228740780517,"Post: ‎""‎خلاص هيبدأوا.. آخر فرصة للحجز بخصم بيوصل 50% حقيقي!‎""‎",120243228739110517,"Post: ‎""‎خلاص هيبدأوا.. آخر فرصة للحجز بخصم بيوصل 50% حقيقي!‎""‎",120243228739560517,2023-04-08,2026-05-07,0,ABSOLUTE_OCPM,Engagement,
"Post: ‎""‎لو انت طالب أو مهندس وعايز تتعلم البرامج الهندسية...‎""‎",QA,not_delivering,"7-day click or 1-day view",,,0,0,,"Using campaign budget",0,13.007412,2025-02-16,-,-,-,469,27.734354,1,,13.007412,0.21322,10,2.132196,1.300741,,,,120216036460990517,"Post: ‎""‎لو انت طالب أو مهندس وعايز تتعلم البرامج الهندسية...‎""‎",120216036460780517,"Post: ‎""‎لو انت طالب أو مهندس وعايز تتعلم البرامج الهندسية...‎""‎",120216036460890517,2023-04-08,2026-05-07,0,ABSOLUTE_OCPM,Messages,
"Post: ‎""‎طالب في هندسة وعايز تعرف هتعمل أييية اليومين...‎""‎",QA,not_delivering,"7-day click or 1-day view",,,24,1.083333,,"Using campaign budget",0,1.080061,2026-01-19,-,-,-,26,41.540819,,,,,0,0,0,,,,120238800566880517,"Post: ‎""‎طالب في هندسة وعايز تعرف هتعمل أييية اليومين...‎""‎",120238800563300517,"Post: ‎""‎طالب في هندسة وعايز تعرف هتعمل أييية اليومين...‎""‎",120238800564140517,2023-04-08,2026-05-07,0,ABSOLUTE_OCPM,Engagement,
"Promoting website: https://facebook.com/MuttahedaCenter.MTC",QA,not_delivering,"7-day click or 1-day view",3,actions:onsite_conversion.messaging_conversation_started_7d,232,1.706897,5.20317046,"Using campaign budget",0,15.609511,Ongoing,-,-,-,396,39.417958,9,,1.73439,2.272727,21,5.30303,0.74331,,,3,120243284531550517,"[4/22/2026] Promoting https://facebook.com/MuttahedaCenter.MTC",120243284531300517,"[4/22/2026] Promoting https://facebook.com/MuttahedaCenter.MTC",120243284531470517,2023-04-08,2026-05-07,0,ABSOLUTE_OCPM,Messages,5.20317
"Post: ‎""‎بتحلم ونفسك تكون مصمم ديكور محترف وتعرف إزاي تعمل...‎""‎",QA,not_delivering,"7-day click or 1-day view",,,38,1.684211,,"Using campaign budget",0,9.07,2026-01-12,-,-,-,64,141.71875,,,,,0,0,0,,,,120238581980430517,"Post: ‎""‎بتحلم ونفسك تكون مصمم ديكور محترف وتعرف إزاي تعمل...‎""‎",120238581976750517,"Post: ‎""‎بتحلم ونفسك تكون مصمم ديكور محترف وتعرف إزاي تعمل...‎""‎",120238581978150517,2023-04-08,2026-05-07,0,ABSOLUTE_OCPM,Engagement,
"Post: ‎""‎سواء كنت في مصر، السعودية، الإمارات، أو أي مكان...‎""‎",QA,not_delivering,"7-day click or 1-day view",,,8,1,,"Using campaign budget",0,0.049999,Ongoing,-,-,-,8,6.249905,,,,,0,0,0,,,,120240035109250517,"Post: ‎""‎سواء كنت في مصر، السعودية، الإمارات، أو أي مكان...‎""‎",120240035107810517,"Post: ‎""‎سواء كنت في مصر، السعودية، الإمارات، أو أي مكان...‎""‎",120240035108140517,2023-04-08,2026-05-07,0,ABSOLUTE_OCPM,Engagement,
"Promoting website: https://facebook.com/MuttahedaCenter.MTC",QA,not_delivering,"7-day click or 1-day view",,,112,1.330357,,"Using campaign budget",0,10.919884,Ongoing,-,-,-,149,73.287814,2,,5.459942,1.342282,3,2.013423,3.639961,,,,120243284464440517,"[4/22/2026] Promoting https://facebook.com/MuttahedaCenter.MTC",120243284463640517,"[4/22/2026] Promoting https://facebook.com/MuttahedaCenter.MTC",120243284464110517,2023-04-08,2026-05-07,0,ABSOLUTE_OCPM,Messages,
"Promoting website: https://api.whatsapp.com/send",QA,not_delivering,"7-day click or 1-day view",1,actions:onsite_conversion.messaging_conversation_started_7d,10,1.6,2.91,"Using campaign budget",0,2.91,Ongoing,-,-,-,16,181.875,1,,2.91,6.25,1,6.25,2.91,,,1,120242740074930517,"[4/13/2026] Promoting https://api.whatsapp.com/send",120242740072430517,"[4/13/2026] Promoting https://api.whatsapp.com/send",120242740074370517,2023-04-08,2026-05-07,0,ABSOLUTE_OCPM,Messages,2.91
"Post: ‎""‎""مش نقص شغل... نقص مهارة!"" 💡‎""‎",QA,not_delivering,"7-day click or 1-day view",,,72,1.263889,,"Using campaign budget",0,8.519816,Ongoing,-,-,-,91,93.624349,,,,,2,2.197802,4.259908,,,,120242798818540517,"Post: ‎""‎""مش نقص شغل... نقص مهارة!"" 💡‎""‎",120242798816940517,"Post: ‎""‎""مش نقص شغل... نقص مهارة!"" 💡‎""‎",120242798817620517,2023-04-08,2026-05-07,0,ABSOLUTE_OCPM,Engagement,
"Post: ‎""‎بتحلم ونفسك تكون مصمم ديكور محترف وتعرف إزاي تعمل...‎""‎",SA,not_delivering,"7-day click or 1-day view",,,188,1.888298,,"Using campaign budget",0,13.740344,2025-08-13,-,-,-,355,38.705193,1,,13.740344,0.28169,7,1.971831,1.962906,,,,120230585664460517,"Post: ‎""‎بتحلم ونفسك تكون مصمم ديكور محترف وتعرف إزاي تعمل...‎""‎",120230585664290517,"Post: ‎""‎بتحلم ونفسك تكون مصمم ديكور محترف وتعرف إزاي تعمل...‎""‎",120230585664340517,2023-04-08,2026-05-07,0,ABSOLUTE_OCPM,Messages,
"منشور Instagram: ‏لو انت طالب أو مهندس وعايز...",SA,not_delivering,"7-day click or 1-day view",,,0,0,,"Using campaign budget",0,18.389145,2025-02-17,-,-,-,167,110.114642,,,,,3,1.796407,6.129715,,,,120215944354410517,"Instagram Post",120215944353120517,"منشور Instagram: ‏لو انت طالب أو مهندس وعايز...",120215944353220517,2023-04-08,2026-05-07,0,ABSOLUTE_OCPM,Messages,
"منشور Instagram: ‏لو انت طالب أو مهندس وعايز...",SA,not_delivering,"7-day click or 1-day view",,,0,0,,"Using campaign budget",0,15.701246,2025-02-15,-,-,-,160,98.132786,,,,,1,0.625,15.701246,,,,120215943742280517,"Instagram Post",120215943742120517,"منشور Instagram: ‏لو انت طالب أو مهندس وعايز...",120215943742240517,2023-04-08,2026-05-07,0,ABSOLUTE_OCPM,Messages,
"Post: ‎""‎تدريب معماري احترافي لسوق العمل‎""‎",SA,not_delivering,"7-day click or 1-day view",2,actions:onsite_conversion.messaging_conversation_started_7d,1316,1.715046,52.405,"Using campaign budget",0,104.81,Ongoing,-,-,-,2257,46.437749,4,,26.2025,0.177226,36,1.595038,2.911389,,,2,120238236341430517,"Post: ‎""‎تدريب معماري احترافي لسوق العمل‎""‎",120238236340540517,"Post: ‎""‎تدريب معماري احترافي لسوق العمل‎""‎",120238236340780517,2023-04-08,2026-05-07,0,ABSOLUTE_OCPM,Engagement,52.405
"Post: ‎""‎لو انت طالب أو مهندس وعايز تتعلم البرامج الهندسية...‎""‎",SA,not_delivering,"7-day click or 1-day view",4,actions:onsite_conversion.messaging_conversation_started_7d,0,0,24.32405995,"Using campaign budget",0,97.29624,2025-02-16,-,-,-,3018,32.238648,4,,24.32406,0.132538,67,2.220013,1.452183,,,4,120216036460990517,"Post: ‎""‎لو انت طالب أو مهندس وعايز تتعلم البرامج الهندسية...‎""‎",120216036460780517,"Post: ‎""‎لو انت طالب أو مهندس وعايز تتعلم البرامج الهندسية...‎""‎",120216036460890517,2023-04-08,2026-05-07,0,ABSOLUTE_OCPM,Messages,24.32406
"Post: ‎""‎🎨 نفسك تدخل عالم الديكور وتبقى مصمم محترف؟‎""‎",SA,not_delivering,"7-day click or 1-day view",2,actions:onsite_conversion.messaging_conversation_started_7d,610,1.240984,15.145,"Using campaign budget",0,30.29,2025-09-01,-,-,-,757,40.01321,2,,15.145,0.264201,9,1.188904,3.365556,,,2,120231541259170517,"Post: ‎""‎🎨 نفسك تدخل عالم الديكور وتبقى مصمم محترف؟‎""‎",120231541258620517,"Post: ‎""‎🎨 نفسك تدخل عالم الديكور وتبقى مصمم محترف؟‎""‎",120231541258890517,2023-04-08,2026-05-07,0,ABSOLUTE_OCPM,Messages,15.145
"Post: ‎""‎خلاص هيبدأوا.. آخر فرصة للحجز بخصم بيوصل 50% حقيقي!‎""‎",SA,not_delivering,"7-day click or 1-day view",12,actions:post_engagement,2001,1.108946,3.615,"Using campaign budget",0,43.38,Ongoing,-,-,-,2219,19.549347,,,,,13,0.585849,3.336923,,,,120243228740780517,"Post: ‎""‎خلاص هيبدأوا.. آخر فرصة للحجز بخصم بيوصل 50% حقيقي!‎""‎",120243228739110517,"Post: ‎""‎خلاص هيبدأوا.. آخر فرصة للحجز بخصم بيوصل 50% حقيقي!‎""‎",120243228739560517,2023-04-08,2026-05-07,0,ABSOLUTE_OCPM,Engagement,
"Post: ‎""‎📢 خصم 50% على أقوى الكورسات الهندسية بمناسبة رمضان! 🎉‎""‎",SA,not_delivering,"7-day click or 1-day view",5,actions:onsite_conversion.messaging_conversation_started_7d,0,0,20.378,"Using campaign budget",0,101.89,2025-03-31,-,-,-,4448,22.906924,9,,11.321111,0.202338,61,1.371403,1.670328,,,5,120218720201700517,"Post: ‎""‎📢 خصم 50% على أقوى الكورسات الهندسية بمناسبة رمضان! 🎉‎""‎",120218720200830517,"Post: ‎""‎📢 خصم 50% على أقوى الكورسات الهندسية بمناسبة رمضان! 🎉‎""‎",120218720201670517,2023-04-08,2026-05-07,0,ABSOLUTE_OCPM,Messages,20.378
"Post: ‎""‎طالب في هندسة وعايز تعرف هتعمل أييية اليومين...‎""‎",SA,not_delivering,"7-day click or 1-day view",1,actions:onsite_conversion.messaging_conversation_started_7d,612,1.53268,70.12397961,"Using campaign budget",0,70.12398,2026-01-19,-,-,-,938,74.75904,6,,11.68733,0.639659,15,1.599147,4.674932,,,1,120238800566880517,"Post: ‎""‎طالب في هندسة وعايز تعرف هتعمل أييية اليومين...‎""‎",120238800563300517,"Post: ‎""‎طالب في هندسة وعايز تعرف هتعمل أييية اليومين...‎""‎",120238800564140517,2023-04-08,2026-05-07,0,ABSOLUTE_OCPM,Engagement,70.12398
"Promoting website: https://facebook.com/MuttahedaCenter.MTC",SA,not_delivering,"7-day click or 1-day view",13,actions:onsite_conversion.messaging_conversation_started_7d,2336,1.999572,12.69421802,"Using campaign budget",0,165.024834,Ongoing,-,-,-,4671,35.329658,57,,2.895173,1.220295,113,2.419182,1.460397,,,13,120243284531550517,"[4/22/2026] Promoting https://facebook.com/MuttahedaCenter.MTC",120243284531300517,"[4/22/2026] Promoting https://facebook.com/MuttahedaCenter.MTC",120243284531470517,2023-04-08,2026-05-07,0,ABSOLUTE_OCPM,Messages,12.694218
"Post: ‎""‎📢 خصم 50% على أقوى الكورسات الهندسية بمناسبة رمضان! 🎉‎""‎",SA,not_delivering,"7-day click or 1-day view",2,actions:onsite_conversion.messaging_conversation_started_7d,0,0,13.42,"Using campaign budget",0,26.84,2025-04-07,-,-,-,1107,24.245709,3,,8.946667,0.271003,29,2.619693,0.925517,,,2,120220180731790517,"Post: ‎""‎📢 خصم 50% على أقوى الكورسات الهندسية بمناسبة رمضان! 🎉‎""‎",120220180728760517,"Post: ‎""‎📢 خصم 50% على أقوى الكورسات الهندسية بمناسبة رمضان! 🎉‎""‎",120220180731430517,2023-04-08,2026-05-07,0,ABSOLUTE_OCPM,Messages,13.42
"Post: ‎""‎سواء كنت في مصر، السعودية، الإمارات، أو أي مكان...‎""‎",SA,not_delivering,"7-day click or 1-day view",,,8,2,,"Using campaign budget",0,0.049999,Ongoing,-,-,-,16,3.124953,,,,,0,0,0,,,,120240035109250517,"Post: ‎""‎سواء كنت في مصر، السعودية، الإمارات، أو أي مكان...‎""‎",120240035107810517,"Post: ‎""‎سواء كنت في مصر، السعودية، الإمارات، أو أي مكان...‎""‎",120240035108140517,2023-04-08,2026-05-07,0,ABSOLUTE_OCPM,Engagement,
"Post: ‎""‎تدريب معماري احترافي لسوق العمل‎""‎",AE,not_delivering,"7-day click or 1-day view",3,actions:onsite_conversion.messaging_conversation_started_7d,542,1.714022,16.59333333,"Using campaign budget",0,49.78,Ongoing,-,-,-,929,53.584499,3,,16.593333,0.322928,24,2.583423,2.074167,,,3,120238236341430517,"Post: ‎""‎تدريب معماري احترافي لسوق العمل‎""‎",120238236340540517,"Post: ‎""‎تدريب معماري احترافي لسوق العمل‎""‎",120238236340780517,2023-04-08,2026-05-07,0,ABSOLUTE_OCPM,Engagement,16.593333
"Post: ‎""‎خلاص هيبدأوا.. آخر فرصة للحجز بخصم بيوصل 50% حقيقي!‎""‎",AE,not_delivering,"7-day click or 1-day view",,,88,1,,"Using campaign budget",0,0.68,Ongoing,-,-,-,88,7.727273,,,,,0,0,0,,,,120243228740780517,"Post: ‎""‎خلاص هيبدأوا.. آخر فرصة للحجز بخصم بيوصل 50% حقيقي!‎""‎",120243228739110517,"Post: ‎""‎خلاص هيبدأوا.. آخر فرصة للحجز بخصم بيوصل 50% حقيقي!‎""‎",120243228739560517,2023-04-08,2026-05-07,0,ABSOLUTE_OCPM,Engagement,
"Promoting website: https://facebook.com/MuttahedaCenter.MTC",AE,not_delivering,"7-day click or 1-day view",3,actions:onsite_conversion.messaging_conversation_started_7d,516,1.784884,14.18288937,"Using campaign budget",0,42.548668,Ongoing,-,-,-,921,46.198337,11,,3.868061,1.194354,21,2.28013,2.026127,,,3,120243284531550517,"[4/22/2026] Promoting https://facebook.com/MuttahedaCenter.MTC",120243284531300517,"[4/22/2026] Promoting https://facebook.com/MuttahedaCenter.MTC",120243284531470517,2023-04-08,2026-05-07,0,ABSOLUTE_OCPM,Messages,14.182889
"Post: ‎""‎بتحلم ونفسك تكون مصمم ديكور محترف وتعرف إزاي تعمل...‎""‎",SA,not_delivering,"7-day click or 1-day view",1,actions:onsite_conversion.messaging_conversation_started_7d,127,1.244094,9.37,"Using campaign budget",0,9.37,2025-08-19,-,-,-,158,59.303797,,,,,1,0.632911,9.37,,,1,120230846699530517,"Post: ‎""‎بتحلم ونفسك تكون مصمم ديكور محترف وتعرف إزاي تعمل...‎""‎",120230846698980517,"Post: ‎""‎بتحلم ونفسك تكون مصمم ديكور محترف وتعرف إزاي تعمل...‎""‎",120230846699160517,2023-04-08,2026-05-07,0,ABSOLUTE_OCPM,Messages,9.37
"Promoting website: https://api.whatsapp.com/send",SA,not_delivering,"7-day click or 1-day view",,,36,1.305556,,"Using campaign budget",0,3.86,Ongoing,-,-,-,47,82.12766,1,,3.86,2.12766,2,4.255319,1.93,,,,120242740074930517,"[4/13/2026] Promoting https://api.whatsapp.com/send",120242740072430517,"[4/13/2026] Promoting https://api.whatsapp.com/send",120242740074370517,2023-04-08,2026-05-07,0,ABSOLUTE_OCPM,Messages,
"Post: ‎""‎بتحلم ونفسك تكون مصمم ديكور محترف وتعرف إزاي تعمل...‎""‎",SA,not_delivering,"7-day click or 1-day view",4,actions:onsite_conversion.messaging_conversation_started_7d,434,1.790323,13.405,"Using campaign budget",0,53.62,2026-01-12,-,-,-,777,69.009009,7,,7.66,0.900901,17,2.187902,3.154118,,,4,120238581980430517,"Post: ‎""‎بتحلم ونفسك تكون مصمم ديكور محترف وتعرف إزاي تعمل...‎""‎",120238581976750517,"Post: ‎""‎بتحلم ونفسك تكون مصمم ديكور محترف وتعرف إزاي تعمل...‎""‎",120238581978150517,2023-04-08,2026-05-07,0,ABSOLUTE_OCPM,Engagement,13.405
"Post: ‎""‎""مش نقص شغل... نقص مهارة!"" 💡‎""‎",SA,not_delivering,"7-day click or 1-day view",1,actions:onsite_conversion.messaging_conversation_started_7d,532,1.537594,39.44914688,"Using campaign budget",0,39.449147,Ongoing,-,-,-,818,48.226341,2,,19.724573,0.244499,6,0.733496,6.574858,,,1,120242798818540517,"Post: ‎""‎""مش نقص شغل... نقص مهارة!"" 💡‎""‎",120242798816940517,"Post: ‎""‎""مش نقص شغل... نقص مهارة!"" 💡‎""‎",120242798817620517,2023-04-08,2026-05-07,0,ABSOLUTE_OCPM,Engagement,39.449147
"Promoting website: https://facebook.com/MuttahedaCenter.MTC",SA,not_delivering,"7-day click or 1-day view",6,actions:onsite_conversion.messaging_conversation_started_7d,844,1.867299,18.06814177,"Using campaign budget",0,108.408851,Ongoing,-,-,-,1576,68.787342,17,,6.376991,1.07868,38,2.411168,2.852864,,,6,120243284464440517,"[4/22/2026] Promoting https://facebook.com/MuttahedaCenter.MTC",120243284463640517,"[4/22/2026] Promoting https://facebook.com/MuttahedaCenter.MTC",120243284464110517,2023-04-08,2026-05-07,0,ABSOLUTE_OCPM,Messages,18.068142
"منشور Instagram: ‏لو انت طالب أو مهندس وعايز...",SS,not_delivering,"7-day click or 1-day view",,,0,0,,"Using campaign budget",0,1.21932,2025-02-15,-,-,-,26,46.89693,,,,,0,0,0,,,,120215943742280517,"Instagram Post",120215943742120517,"منشور Instagram: ‏لو انت طالب أو مهندس وعايز...",120215943742240517,2023-04-08,2026-05-07,0,ABSOLUTE_OCPM,Messages,
"منشور Instagram: ‏لو انت طالب أو مهندس وعايز...",SS,not_delivering,"7-day click or 1-day view",,,0,0,,"Using campaign budget",0,1.288539,2025-02-17,-,-,-,59,21.839639,,,,,0,0,0,,,,120215944354410517,"Instagram Post",120215944353120517,"منشور Instagram: ‏لو انت طالب أو مهندس وعايز...",120215944353220517,2023-04-08,2026-05-07,0,ABSOLUTE_OCPM,Messages,
"منشور Instagram: ‏لو انت طالب أو مهندس وعايز...",AE,not_delivering,"7-day click or 1-day view",,,0,0,,"Using campaign budget",0,5.806762,2025-02-15,-,-,-,32,181.461327,,,,,1,3.125,5.806762,,,,120215943742280517,"Instagram Post",120215943742120517,"منشور Instagram: ‏لو انت طالب أو مهندس وعايز...",120215943742240517,2023-04-08,2026-05-07,0,ABSOLUTE_OCPM,Messages,
"Post: ‎""‎طالب في هندسة وعايز تعرف هتعمل أييية اليومين...‎""‎",AE,not_delivering,"7-day click or 1-day view",1,actions:onsite_conversion.messaging_conversation_started_7d,124,1.572581,14.63083032,"Using campaign budget",0,14.63083,2026-01-19,-,-,-,195,75.029899,1,,14.63083,0.512821,5,2.564103,2.926166,,,1,120238800566880517,"Post: ‎""‎طالب في هندسة وعايز تعرف هتعمل أييية اليومين...‎""‎",120238800563300517,"Post: ‎""‎طالب في هندسة وعايز تعرف هتعمل أييية اليومين...‎""‎",120238800564140517,2023-04-08,2026-05-07,0,ABSOLUTE_OCPM,Engagement,14.63083
"Post: ‎""‎سواء كنت في مصر، السعودية، الإمارات، أو أي مكان...‎""‎",AE,not_delivering,"7-day click or 1-day view",,,24,1,,"Using campaign budget",0,0.349995,Ongoing,-,-,-,24,14.583112,,,,,0,0,0,,,,120240035109250517,"Post: ‎""‎سواء كنت في مصر، السعودية، الإمارات، أو أي مكان...‎""‎",120240035107810517,"Post: ‎""‎سواء كنت في مصر، السعودية، الإمارات، أو أي مكان...‎""‎",120240035108140517,2023-04-08,2026-05-07,0,ABSOLUTE_OCPM,Engagement,
"Promoting website: https://api.whatsapp.com/send",AE,not_delivering,"7-day click or 1-day view",,,12,1.333333,,"Using campaign budget",0,1.07,Ongoing,-,-,-,16,66.875,,,,,0,0,0,,,,120242740074930517,"[4/13/2026] Promoting https://api.whatsapp.com/send",120242740072430517,"[4/13/2026] Promoting https://api.whatsapp.com/send",120242740074370517,2023-04-08,2026-05-07,0,ABSOLUTE_OCPM,Messages,
"Post: ‎""‎""مش نقص شغل... نقص مهارة!"" 💡‎""‎",AE,not_delivering,"7-day click or 1-day view",1,actions:onsite_conversion.messaging_conversation_started_7d,174,1.522989,16.10965162,"Using campaign budget",0,16.109652,Ongoing,-,-,-,265,60.791138,2,,8.054826,0.754717,5,1.886792,3.22193,,,1,120242798818540517,"Post: ‎""‎""مش نقص شغل... نقص مهارة!"" 💡‎""‎",120242798816940517,"Post: ‎""‎""مش نقص شغل... نقص مهارة!"" 💡‎""‎",120242798817620517,2023-04-08,2026-05-07,0,ABSOLUTE_OCPM,Engagement,16.109652
"Post: ‎""‎لو انت طالب أو مهندس وعايز تتعلم البرامج الهندسية...‎""‎",SS,not_delivering,"7-day click or 1-day view",11,actions:onsite_conversion.messaging_conversation_started_7d,0,0,12.93486648,"Using campaign budget",0,142.283531,2025-02-16,-,-,-,5489,25.921576,30,,4.742784,0.546548,168,3.060667,0.846926,,,11,120216036460990517,"Post: ‎""‎لو انت طالب أو مهندس وعايز تتعلم البرامج الهندسية...‎""‎",120216036460780517,"Post: ‎""‎لو انت طالب أو مهندس وعايز تتعلم البرامج الهندسية...‎""‎",120216036460890517,2023-04-08,2026-05-07,0,ABSOLUTE_OCPM,Messages,12.934866
"منشور Instagram: ‏لو انت طالب أو مهندس وعايز...",AE,not_delivering,"7-day click or 1-day view",,,0,0,,"Using campaign budget",0,3.625888,2025-02-17,-,-,-,30,120.862931,,,,,0,0,0,,,,120215944354410517,"Instagram Post",120215944353120517,"منشور Instagram: ‏لو انت طالب أو مهندس وعايز...",120215944353220517,2023-04-08,2026-05-07,0,ABSOLUTE_OCPM,Messages,
"Post: ‎""‎لو انت طالب أو مهندس وعايز تتعلم البرامج الهندسية...‎""‎",AE,not_delivering,"7-day click or 1-day view",,,0,0,,"Using campaign budget",0,28.997352,2025-02-16,-,-,-,1109,26.147296,,,,,16,1.442741,1.812334,,,,120216036460990517,"Post: ‎""‎لو انت طالب أو مهندس وعايز تتعلم البرامج الهندسية...‎""‎",120216036460780517,"Post: ‎""‎لو انت طالب أو مهندس وعايز تتعلم البرامج الهندسية...‎""‎",120216036460890517,2023-04-08,2026-05-07,0,ABSOLUTE_OCPM,Messages,
"Post: ‎""‎بتحلم ونفسك تكون مصمم ديكور محترف وتعرف إزاي تعمل...‎""‎",AE,not_delivering,"7-day click or 1-day view",,,94,1.308511,,"Using campaign budget",0,8.68,2026-01-12,-,-,-,123,70.569106,,,,,1,0.813008,8.68,,,,120238581980430517,"Post: ‎""‎بتحلم ونفسك تكون مصمم ديكور محترف وتعرف إزاي تعمل...‎""‎",120238581976750517,"Post: ‎""‎بتحلم ونفسك تكون مصمم ديكور محترف وتعرف إزاي تعمل...‎""‎",120238581978150517,2023-04-08,2026-05-07,0,ABSOLUTE_OCPM,Engagement,
"Promoting website: https://facebook.com/MuttahedaCenter.MTC",AE,not_delivering,"7-day click or 1-day view",2,actions:onsite_conversion.messaging_conversation_started_7d,124,2.314516,13.42485767,"Using campaign budget",0,26.849715,Ongoing,-,-,-,287,93.553015,3,,8.949905,1.045296,7,2.439024,3.835674,,,2,120243284464440517,"[4/22/2026] Promoting https://facebook.com/MuttahedaCenter.MTC",120243284463640517,"[4/22/2026] Promoting https://facebook.com/MuttahedaCenter.MTC",120243284464110517,2023-04-08,2026-05-07,0,ABSOLUTE_OCPM,Messages,13.424858
"المنشور: ‏""‏🌙🌙رمضان كريم ياباشمهندسين 👷👷خلينا فاكريين شهر...‏""‏",unknown,not_delivering,"7-day click or 1-day view",,,0,0,,"Using campaign budget",0,0,2024-03-21,-,-,-,1,0,,,,,0,0,0,,,,120206887841200517,"المنشور: ‏""‏🌙🌙رمضان كريم ياباشمهندسين 👷👷خلينا فاكريين شهر...‏""‏",120206887841140517,"المنشور: ‏""‏🌙🌙رمضان كريم ياباشمهندسين 👷👷خلينا فاكريين شهر...‏""‏",120206887841160517,2023-04-08,2026-05-07,0,ABSOLUTE_OCPM,Messages,
"Post: ‎""‎بتحلم ونفسك تكون مصمم ديكور محترف وتعرف إزاي تعمل...‎""‎",unknown,not_delivering,"7-day click or 1-day view",,,1,1,,"Using campaign budget",0,0,2025-08-13,-,-,-,1,0,,,,,0,0,0,,,,120230585664460517,"Post: ‎""‎بتحلم ونفسك تكون مصمم ديكور محترف وتعرف إزاي تعمل...‎""‎",120230585664290517,"Post: ‎""‎بتحلم ونفسك تكون مصمم ديكور محترف وتعرف إزاي تعمل...‎""‎",120230585664340517,2023-04-08,2026-05-07,0,ABSOLUTE_OCPM,Messages,
"Messages Ad: ‎جمع صحابك يلا نبقى قريبين!‎",unknown,not_delivering,"7-day click or 1-day view",1,actions:onsite_conversion.messaging_conversation_started_7d,0,0,0.0700247,"Using campaign budget",0,0.070025,2025-07-05,-,-,-,3,23.341565,,,,,0,0,0,,,1,120228079259990517,"Messages Ad: ‎جمع صحابك يلا نبقى قريبين!‎",120228079259350517,"Messages Ad: ‎جمع صحابك يلا نبقى قريبين!‎",120228079259730517,2023-04-08,2026-05-07,0,ABSOLUTE_OCPM,Messages,0.070025
