Ad ID,spend,convos,impressions,reach,clicks,months_active,objective,ad_name,campaign_name,cpr,ctr,cpm,Body,Title,Link Description,Campaign Objective,angle,hook_template,course_track
23852685070320516,0.0,0.0,0,0,0.0,38,Engagement,New Engagement ad,25/1/2023,,,,,,,,english_brand,,
23853242456480516,0.0,0.0,0,0,0.0,38,Messages,"المنشور: ‏""‏🌙🌙رمضان كريم ياباشمهندسين 👷👷خلينا فاكريين شهر...‏""‏","المنشور: ‏""‏🌙🌙رمضان كريم ياباشمهندسين 👷👷خلينا فاكريين شهر...‏""‏",,,,,,,,holiday_ramadan,,cross_track
23853645612050516,1100.0,50.0,51076,24290,124.0,38,Messages,"Post: ‎""‎سجل معانا كورسات هندسية بعد العيد .. واستفيد...‎""‎","Post: ‎""‎سجل معانا كورسات هندسية بعد العيد .. واستفيد...‎""‎",22.0,0.24277547184587672,21.536533792779387,,,,,holiday_eid,,cross_track
23853741279100516,64.16,1.0,3410,2933,9.0,38,Messages,"المنشور: ‏""‏العيدية السنة من مركز المتحدة للتدريب بتوصل 🥳 50%...‏""‏","المنشور: ‏""‏العيدية السنة من مركز المتحدة للتدريب بتوصل 🥳 50%...‏""‏",64.16,0.26392961876832843,18.81524926686217,,,,,holiday_eid,,
23853803050550516,124.71,3.0,7461,6043,6.0,38,Engagement,EiD Fitr 22-4,New camp Eid Fetr 22-4,41.57,0.08041817450743868,16.71491757137113,,,,,holiday_eid,,
23853935257650516,822.96,67.0,58521,25231,162.0,38,Messages,"Post: ‎""‎طالب في هندسة وعايز تعرف هتعمل أييية اليومين...‎""‎","Post: ‎""‎طالب في هندسة وعايز تعرف هتعمل أييية اليومين...‎""‎",12.282985074626867,0.2768237043112729,14.062644179012663,,,,,ambitious_students,,cross_track
23855277821320516,500.51,25.0,25832,15134,67.0,38,Messages,"Post: ‎""‎حققنا المعادلة الصعبة السنة دي في كورسات الصيف من...‎""‎","Post: ‎""‎حققنا المعادلة الصعبة السنة دي في كورسات الصيف من...‎""‎",20.0204,0.2593682254567978,19.37558067513162,,,,,curriculum_dump,,
23855455828980516,0.0,0.0,0,0,0.0,38,Engagement,"Post: ‎""‎حققنا المعادلة الصعبة السنة دي في كورسات الصيف من...‎""‎","‎Post: ‎""‎حققنا المعادلة الصعبة السنة دي في كورسات الصيف من...‎""‎‎ – Copy",,,,,,,,curriculum_dump,,
23855455851660516,92.48,0.0,3051,2418,18.0,38,Engagement,"Post: ‎""‎حققنا المعادلة الصعبة السنة دي في كورسات الصيف من...‎""‎","Post: ‎""‎حققنا المعادلة الصعبة السنة دي في كورسات الصيف من...‎""‎",inf,0.5899705014749262,30.311373320222877,,,,,curriculum_dump,,
23855486474250516,381.7,23.0,33044,21144,65.0,38,Engagement,Tstt 2023,test  summer 2023,16.59565217391304,0.19670742040915143,11.551264980026632,,,,,,,
23855486675660516,9.82,0.0,837,811,1.0,38,Engagement,25-6-2023 AD,25-6-2023 TEST,inf,0.11947431302270012,11.732377538829152,,,,,,,
23856148750120516,4119.65,304.0,248059,60490,543.0,38,Engagement,Test 5/7/2023 Engineering,صيف 2023 بتاريخ 5/7/2023,13.551480263157893,0.21889953599748446,16.607540947919645,,,,,,,cross_track
23856549981060516,56.2,0.0,4755,3900,14.0,38,Engagement,"المنشور: ‏""‏لو زهقت من الكورسات او عندك عقدة.. مركز المتحدة...‏""‏","المنشور: ‏""‏لو زهقت من الكورسات او عندك عقدة.. مركز المتحدة...‏""‏",inf,0.29442691903259727,11.81913774973712,,,,,student_inertia,,
23856609297580516,0.0,0.0,0,0,0.0,38,Engagement,Test 5/7/2023 Engineering,‎صيف 2023 بتاريخ 5/7/2023‎ – Copy,,,,,,,,,,cross_track
23856677809520516,111.98,4.0,7080,6397,23.0,38,Engagement,New Engagement ad,NEW 13/7/2023,27.995,0.3248587570621469,15.816384180790962,,,,,english_brand,,
23857963477720516,218.96,6.0,15359,10811,13.0,38,Messages,"المنشور: ‏""‏ب 2000 جنية  بدلا 4400 جنية بس هتقدر تاخد دبلومة...‏""‏","المنشور: ‏""‏ب 2000 جنية  بدلا 4400 جنية بس هتقدر تاخد دبلومة...‏""‏",36.49333333333333,0.08464092714369424,14.256136467217917,,,,,,,
120200131845680517,177.0,3.0,28308,25029,65.0,38,Engagement,"Post: ‎""‎خصم حقيقي لكل المهندسين والطلبه في مصر مركز...‎""‎","Post: ‎""‎خصم حقيقي لكل المهندسين والطلبه في مصر مركز...‎""‎",59.0,0.22961706937968066,6.252649427723612,,,,,generic_discount,,cross_track
120200314809410517,1225.75,67.0,74348,37398,65.0,38,Engagement,تفاعل رسائل,TEST 22-10,18.294776119402986,0.0874266960779039,16.486657341152416,,,,,,,
120200637238400517,394.65,20.0,30290,19031,53.0,38,Messages,"Post: ‎""‎خصم حقيقي لكل المهندسين والطلبه في مصر مركز...‎""‎","Post: ‎""‎خصم حقيقي لكل المهندسين والطلبه في مصر مركز...‎""‎",19.732499999999998,0.17497523935292175,13.029052492571806,,,,,generic_discount,,cross_track
120203814439220517,1359.52,60.0,100145,26706,169.0,38,Engagement,New Engagement ad,نص السنة 2024,22.658666666666665,0.16875530480802836,13.575515502521343,,,,,english_brand,,
120205154217580517,1500.0,103.0,120660,58198,253.0,38,Messages,"Post: ‎""‎مهندس أو طالب في هندسة.. نفسك تحترف البرامج...‎""‎","Post: ‎""‎مهندس أو طالب في هندسة.. نفسك تحترف البرامج...‎""‎",14.563106796116505,0.2096800928228079,12.431626056688215,,,,,dream_to_career,,cross_track
120205236444550517,500.0,86.0,42874,16548,227.0,38,Messages,"Post: ‎""‎اقوي دبلومة ديكور معانا بخصم 30% وخصومات خاصة...‎""‎","Post: ‎""‎اقوي دبلومة ديكور معانا بخصم 30% وخصومات خاصة...‎""‎",5.813953488372093,0.5294584130242105,11.662079582031067,,,,,generic_discount,,interior_design
120205712336540517,0.0,0.0,0,0,0.0,38,Traffic,"Post: ‎""‎اقوي دبلومة ديكور معانا بخصم 30% وخصومات خاصة...‎""‎","Post: ‎""‎اقوي دبلومة ديكور معانا بخصم 30% وخصومات خاصة...‎""‎",,,,,,,,generic_discount,,interior_design
120205712506100517,100.0,17.0,5451,3764,39.0,38,Messages,Promoting website: https://facebook.com/MuttahedaCenter.MTC,[02/20/2024] Promoting https://facebook.com/MuttahedaCenter.MTC,5.882352941176471,0.7154650522839846,18.3452577508714,,,,,,,
120206337637660517,193.64,6.0,11634,8400,38.0,38,Messages,Promoting website: https://facebook.com/MuttahedaCenter.MTC,[03/04/2024] Promoting https://facebook.com/MuttahedaCenter.MTC,32.27333333333333,0.3266288464844422,16.64431837717036,,,,,,,
120206474912170517,156.82,4.0,7110,4843,25.0,38,Engagement,New messages ad,New messages campaign,39.205,0.35161744022503516,22.056258790436004,,,,,english_brand,,
120206701452460517,100.0,1.0,5066,3962,3.0,38,Messages,"Post: ‎""‎🌙🌙رمضان كريم ياباشمهندسين 👷👷خلينا فاكريين شهر...‎""‎","Post: ‎""‎🌙🌙رمضان كريم ياباشمهندسين 👷👷خلينا فاكريين شهر...‎""‎",100.0,0.05921831819976313,19.739439399921043,,,,,holiday_ramadan,,cross_track
120206868474170517,127.41,2.0,5165,3716,9.0,38,Messages,"Post: ‎""‎🌙🌙رمضان كريم ياباشمهندسين 👷👷خلينا فاكريين شهر...‎""‎","Post: ‎""‎🌙🌙رمضان كريم ياباشمهندسين 👷👷خلينا فاكريين شهر...‎""‎",63.705,0.17424975798644723,24.66795740561471,,,,,holiday_ramadan,,cross_track
120206887841200517,446.28,9.0,18935,11558,32.0,38,Messages,"المنشور: ‏""‏🌙🌙رمضان كريم ياباشمهندسين 👷👷خلينا فاكريين شهر...‏""‏","المنشور: ‏""‏🌙🌙رمضان كريم ياباشمهندسين 👷👷خلينا فاكريين شهر...‏""‏",49.586666666666666,0.16899920781621336,23.569052020068654,,,,,holiday_ramadan,,cross_track
120207066441040517,250.0,18.0,8724,4129,35.0,38,Messages,"Post: ‎""‎حجز لاقوي دبلومة ميكانيكا شاملة معتمدة من...‎""‎","Post: ‎""‎حجز لاقوي دبلومة ميكانيكا شاملة معتمدة من...‎""‎",13.88888888888889,0.40119211370930763,28.65657955066483,,,,,,,mechanical
120207264903390517,122.04,0.0,15529,12954,56.0,38,Traffic,"Post: ‎""‎قوي دبلومة ديكور معانا بخصم 30% وخصومات خاصة...‎""‎","Post: ‎""‎قوي دبلومة ديكور معانا بخصم 30% وخصومات خاصة...‎""‎",inf,0.36061562238392686,7.858844742095434,,,,,generic_discount,,interior_design
120207350488470517,271.22,31.0,5615,3577,112.0,38,Messages,"Post: ‎""‎اقوي دبلومة ديكور معانا بخصم 30% وخصومات خاصة...‎""‎","Post: ‎""‎اقوي دبلومة ديكور معانا بخصم 30% وخصومات خاصة...‎""‎",8.749032258064517,1.9946571682991985,48.30276046304542,,,,,generic_discount,,interior_design
120207350537830517,267.68,13.0,10910,6103,42.0,38,Messages,"Post: ‎""‎حجز لاقوي دبلومة ميكانيكا شاملة معتمدة من...‎""‎","Post: ‎""‎حجز لاقوي دبلومة ميكانيكا شاملة معتمدة من...‎""‎",20.590769230769233,0.384967919340055,24.535288725939505,,,,,,,mechanical
120209343963950517,241.21,19.0,9214,4872,35.0,38,Messages,"Post: ‎""‎طلاب هندسة والسادة المهندسين يركزو في العرض ده مش...‎""‎","Post: ‎""‎طلاب هندسة والسادة المهندسين يركزو في العرض ده مش...‎""‎",12.695263157894738,0.379856739743868,26.178641198176688,,,,,specific_course_offer,C,cross_track
120209506729960517,341.68,11.0,21871,12038,35.0,38,Messages,"Post: ‎""‎مطلوب مهندس حديث التخرج ... خبرة 10 سنين للعمل في...‎""‎","Post: ‎""‎مطلوب مهندس حديث التخرج ... خبرة 10 سنين للعمل في...‎""‎",31.061818181818182,0.16002926249371316,15.622513831100544,,,,,job_ad_mimicry,B,cross_track
120209696216450517,728.04,29.0,43215,25554,87.0,38,Engagement,New Engagement Ad with recommended settings,Seeef 2024,25.104827586206895,0.20131898646303367,16.84692814994793,,,,,english_brand,,
120209812111160517,306.75,10.0,10770,6036,19.0,38,Engagement,الديكور والماكس,ديكور وماكس,30.675,0.1764159702878366,28.48189415041783,,,,,,,interior_design
120209873608160517,199.78,18.0,9864,7277,42.0,38,Messages,"المنشور: ‏""‏30/6/2024 ده يوم مميز لكل المهندسين اللي هيبدأو...‏""‏","المنشور: ‏""‏30/6/2024 ده يوم مميز لكل المهندسين اللي هيبدأو...‏""‏",11.098888888888888,0.4257907542579075,20.25344687753447,,,,,specific_course_offer,,cross_track
120210019015000517,500.0,27.0,15647,7668,78.0,38,Messages,"المنشور: ‏""‏30/6/2024 ده يوم مميز لكل المهندسين اللي هيبدأو...‏""‏","المنشور: ‏""‏30/6/2024 ده يوم مميز لكل المهندسين اللي هيبدأو...‏""‏",18.51851851851852,0.4984981146545664,31.95500734965169,,,,,specific_course_offer,,cross_track
120210209924680517,382.69,8.0,12967,7694,24.0,38,Engagement,خصومات الصيف ماكس وريفيت وديكور,خصومات الصيف 2,47.83625,0.18508521631834657,29.512608930361687,,,,,,,interior_design
120210249526790517,498.66,18.0,14407,8445,31.0,38,Messages,"المنشور: ‏""‏مش هتلاقي خصومات تاني زي دي للكورسات الهندسية...‏""‏","المنشور: ‏""‏مش هتلاقي خصومات تاني زي دي للكورسات الهندسية...‏""‏",27.703333333333333,0.21517317970431038,34.61234122301659,,,,,scarcity_only,,cross_track
120210276120580517,0.0,0.0,0,0,0.0,38,Messages,"المنشور: ‏""‏مش هتلاقي خصومات تاني زي دي للكورسات الهندسية...‏""‏","المنشور: ‏""‏مش هتلاقي خصومات تاني زي دي للكورسات الهندسية...‏""‏",,,,,,,,scarcity_only,,cross_track
120210276176800517,500.0,14.0,17169,12213,28.0,38,Messages,"المنشور: ‏""‏مش هتلاقي خصومات تاني زي دي للكورسات الهندسية...‏""‏","المنشور: ‏""‏مش هتلاقي خصومات تاني زي دي للكورسات الهندسية...‏""‏",35.714285714285715,0.16308462927369097,29.122255227444814,,,,,scarcity_only,,cross_track
120210370001700517,0.0,0.0,0,0,0.0,38,Engagement,New Engagement Ad with recommended settings,صيف 11-7-2024,,,,,,,,english_brand,,
120210373282650517,250.0,6.0,7054,4230,24.0,38,Messages,"المنشور: ‏""‏انك تحترف برامج اوتوديسك مبقاش اختيار .. دلوقتي...‏""‏","المنشور: ‏""‏انك تحترف برامج اوتوديسك مبقاش اختيار .. دلوقتي...‏""‏",41.666666666666664,0.3402324922030054,35.44088460447973,,,,,,,
120210434210880517,9.16,0.0,623,606,10.0,38,Engagement,"Post: ‎""‎انك تحترف برامج اوتوديسك مبقاش اختيار .. دلوقتي...‎""‎","Post: ‎""‎انك تحترف برامج اوتوديسك مبقاش اختيار .. دلوقتي...‎""‎",inf,1.6051364365971106,14.703049759229534,,,,,,,
120210506485030517,113.33,1.0,10626,9205,91.0,38,Engagement,"Post: ‎""‎هتتعلم كل برامج اوتوديسك ياباشمهندس دلوقتي...‎""‎","Post: ‎""‎هتتعلم كل برامج اوتوديسك ياباشمهندس دلوقتي...‎""‎",113.33,0.8563899868247694,10.665349143610014,,,,,curriculum_dump,,cross_track
120210514266280517,112.12,4.0,2921,2211,16.0,38,Engagement,Courses 17-7-2024,New Courses 17-7-2024,28.03,0.5477576172543649,38.384115029099625,,,,,,,
120210525830550517,160.0,11.0,6799,4624,31.0,38,Messages,"Post: ‎""‎هتتعلم كل برامج اوتوديسك ياباشمهندس دلوقتي...‎""‎","Post: ‎""‎هتتعلم كل برامج اوتوديسك ياباشمهندس دلوقتي...‎""‎",14.545454545454545,0.4559494043241653,23.532872481247242,,,,,curriculum_dump,,cross_track
120210747470800517,86.85,0.0,2061,1360,2.0,38,Messages,"Post: ‎""‎خصومات الصيف هتخليك تحضر كل الكورسات الهندسية...‎""‎","Post: ‎""‎خصومات الصيف هتخليك تحضر كل الكورسات الهندسية...‎""‎",inf,0.09704027171276079,42.13973799126637,,,,,,,cross_track
120210762337570517,1500.0,64.0,61065,20077,204.0,38,Messages,"Post: ‎""‎خصومات الصيف هتخليك تحضر كل الكورسات الهندسية...‎""‎","Post: ‎""‎خصومات الصيف هتخليك تحضر كل الكورسات الهندسية...‎""‎",23.4375,0.33407025300908866,24.563989191844758,,,,,,,cross_track
120211275815040517,82.66,1.0,1868,1342,1.0,38,Messages,"Post: ‎""‎هتتعلم كل برامج اوتوديسك ياباشمهندس دلوقتي...‎""‎","Post: ‎""‎هتتعلم كل برامج اوتوديسك ياباشمهندس دلوقتي...‎""‎",82.66,0.05353319057815846,44.25053533190578,,,,,curriculum_dump,,cross_track
120211452996030517,1665.28,89.0,73514,37390,262.0,38,Engagement,New Ad 29-8-2024,New Offers 29-8-2024,18.711011235955056,0.35639470032918896,22.652555975732515,,,,,,,
120211663670600517,707.38,47.0,28474,13551,125.0,38,Messages,"Post: ‎""‎لاول مرة في مصر.. هتفــــــهم السيفيل ثري دي...‎""‎","Post: ‎""‎لاول مرة في مصر.. هتفــــــهم السيفيل ثري دي...‎""‎",15.050638297872341,0.4389969797007796,24.843014680059003,,,,,first_time_egypt,,civil_3d
120212812930900517,228.19,9.0,58779,52600,46.0,38,Messages,"Post: ‎""‎اقوي دبلومة ديكور معانا بخصم 25% وخصومات خاصة...‎""‎","Post: ‎""‎اقوي دبلومة ديكور معانا بخصم 25% وخصومات خاصة...‎""‎",25.354444444444443,0.0782592422463805,3.8821688017829494,,,,,generic_discount,,interior_design
120212884355220517,470.69000000000005,16.0,11862,6437,49.0,38,Messages,"Post: ‎""‎اقوي دبلومة ديكور معانا بخصم 25% وخصومات خاصة...‎""‎","Post: ‎""‎اقوي دبلومة ديكور معانا بخصم 25% وخصومات خاصة...‎""‎",29.418125000000003,0.41308379699881975,39.680492328443776,,,,,generic_discount,,interior_design
120213061298830517,240.29,13.0,5040,3492,22.0,38,Messages,"Post: ‎""‎خصومات هتخليك تحضر كل الكورسات الهندسية بأسعار...‎""‎","Post: ‎""‎خصومات هتخليك تحضر كل الكورسات الهندسية بأسعار...‎""‎",18.48384615384615,0.4365079365079365,47.676587301587304,,,,,,,cross_track
120213063899690517,368.08,14.0,11010,8783,45.0,38,Engagement,New Engagement Ad,Casoural ad,26.291428571428572,0.4087193460490463,33.43142597638511,,,,,english_brand,,
120213158197770517,999.49,58.0,20396,11159,116.0,38,Engagement,"Post: ‎""‎خصومات هتخليك تحضر كل الكورسات الهندسية بأسعار...‎""‎","‎Post: ‎""‎خصومات هتخليك تحضر كل الكورسات الهندسية بأسعار...‎""‎‎ - Copy",17.232586206896553,0.5687389684251815,49.00421651304177,,,,,,,cross_track
120213932234820517,399.29,26.0,11069,6874,34.0,38,Messages,"Post: ‎""‎🎉 **خصم خاص على دبلومة الماكس المعماري لجميع...‎""‎","Post: ‎""‎🎉 **خصم خاص على دبلومة الماكس المعماري لجميع...‎""‎",15.357307692307693,0.3071641521365977,36.07281597253591,,,,,generic_discount,,architecture
120214093363330517,207.1,7.0,4652,3028,17.0,38,Engagement,"Post: ‎""‎🎉 **خصم خاص على دبلومة الماكس المعماري لجميع...‎""‎","‎Post: ‎""‎🎉 **خصم خاص على دبلومة الماكس المعماري لجميع...‎""‎‎ - Copy",29.585714285714285,0.3654342218400688,44.518486672398964,,,,,generic_discount,,architecture
120214154521170517,120.88,1.0,1939,1530,5.0,38,Engagement,New Engagement Ad with recommended settings,New Engagement Campaign with recommended settings,120.88,0.25786487880350695,62.34141309953584,,,,,english_brand,,
120214686263870517,282.61,9.0,4612,3220,12.0,38,Messages,منشور Instagram: ‏**💥 خصم كبير للمجموعات! يلا جمع...,منشور Instagram: ‏**💥 خصم كبير للمجموعات! يلا جمع...,31.401111111111113,0.26019080659150046,61.277103209019955,,,,,generic_discount,,
120214686313200517,0.0,0.0,0,0,0.0,38,Engagement,New MTC Midterm 2025,Midterm 2025 MTC Centers,,,,,,,,,,
120214691236080517,2503.5600000000004,125.0,33333,8341,183.0,38,Engagement,Midterm 2025,Mtc midterm 2025,20.028480000000002,0.5490054900549005,75.10755107551077,,,,,,,
120214694473470517,451.05,15.0,6813,4167,20.0,38,Messages,منشور Instagram: ‏🚀 دبلومة ديكور احترافية مع خصم...,منشور Instagram: ‏🚀 دبلومة ديكور احترافية مع خصم...,30.07,0.29355643622486427,66.20431527961252,,,,,generic_discount,,interior_design
120215943485350517,92.85,4.0,1897,1355,8.0,38,Messages,"Post: ‎""‎🎓 لو انت طالب أو مهندس وعايز تتعلم البرامج...‎""‎","Post: ‎""‎🎓 لو انت طالب أو مهندس وعايز تتعلم البرامج...‎""‎",23.2125,0.42171850289931473,48.94570374275171,,,,,,,cross_track
120215943742280517,125.55,1.0,1796,1616,3.0,38,Messages,منشور Instagram: ‏لو انت طالب أو مهندس وعايز...,منشور Instagram: ‏لو انت طالب أو مهندس وعايز...,125.55,0.16703786191536749,69.90534521158129,,,,,,,cross_track
120215944354410517,114.63,2.0,2290,1912,2.0,38,Messages,منشور Instagram: ‏لو انت طالب أو مهندس وعايز...,منشور Instagram: ‏لو انت طالب أو مهندس وعايز...,57.315,0.08733624454148471,50.056768558951966,,,,,,,cross_track
120216036460990517,758.38,32.0,16776,10458,74.0,38,Messages,"Post: ‎""‎لو انت طالب أو مهندس وعايز تتعلم البرامج الهندسية...‎""‎","Post: ‎""‎لو انت طالب أو مهندس وعايز تتعلم البرامج الهندسية...‎""‎",23.699375,0.441106342393896,45.20624701955174,,,,,,,cross_track
120217514207490517,219.55,8.0,3577,2442,17.0,38,Engagement,New Engagement Ad with recommended settings,Ramadan 2025,27.44375,0.4752585965893207,61.378249930109035,,,,,english_brand,,
120217545871690517,174.01,3.0,4042,3334,6.0,38,Engagement,New Engagement Ad with recommended settings,New Ramadan 4-3-2025,58.00333333333333,0.14844136566056407,43.050470064324585,,,,,english_brand,,
120217586123570517,248.46,6.0,2874,2026,9.0,38,Engagement,New Engagement Ad with recommended settings,new ramadan 2 - 5/3/2025,41.410000000000004,0.31315240083507306,86.45093945720251,,,,,english_brand,,
120217654424160517,1350.03,54.0,33314,19061,116.0,38,Messages,"Post: ‎""‎📢 خصم 50% على أقوى الكورسات الهندسية بمناسبة رمضان! 🎉‎""‎","Post: ‎""‎📢 خصم 50% على أقوى الكورسات الهندسية بمناسبة رمضان! 🎉‎""‎",25.000555555555554,0.3482019571351384,40.52440415440955,,,,,holiday_ramadan,,cross_track
120218094800820517,262.81,6.0,2513,1684,10.0,38,Engagement,"‎Post: ‎""‎📢 خصم 50% على أقوى الكورسات الهندسية بمناسبة رمضان! 🎉‎""‎‎ - Copy","Post: ‎""‎📢 خصم 50% على أقوى الكورسات الهندسية بمناسبة رمضان! 🎉‎""‎ - Copy",43.80166666666667,0.39793076004775174,104.58018304814962,,,,,holiday_ramadan,,cross_track
120218720201700517,1175.57,52.0,27550,14340,91.0,38,Messages,"Post: ‎""‎📢 خصم 50% على أقوى الكورسات الهندسية بمناسبة رمضان! 🎉‎""‎","Post: ‎""‎📢 خصم 50% على أقوى الكورسات الهندسية بمناسبة رمضان! 🎉‎""‎",22.607115384615383,0.33030852994555354,42.670417422867516,,,,,holiday_ramadan,,cross_track
120220180731790517,400.0,29.0,7771,4173,36.0,38,Messages,"Post: ‎""‎📢 خصم 50% على أقوى الكورسات الهندسية بمناسبة رمضان! 🎉‎""‎","Post: ‎""‎📢 خصم 50% على أقوى الكورسات الهندسية بمناسبة رمضان! 🎉‎""‎",13.793103448275861,0.46326084159052894,51.473426843392105,,,,,holiday_ramadan,,cross_track
120224738941850517,319.97,29.0,8834,5935,80.0,38,Messages,"Post: ‎""‎جمع صحابك يلا نبقى قريبين!‎""‎","Post: ‎""‎جمع صحابك يلا نبقى قريبين!‎""‎",11.033448275862069,0.905592030790129,36.2202852614897,,,,,,E,
120224806910540517,999.27,91.0,34929,18989,276.0,38,Messages,"Post: ‎""‎جمع صحابك يلا نبقى قريبين!‎""‎","Post: ‎""‎جمع صحابك يلا نبقى قريبين!‎""‎",10.980989010989012,0.7901743536889118,28.608606029373874,,,,,,E,
120225357244760517,0.0,0.0,0,0,0.0,38,Messages,"Post: ‎""‎🚧 **مطلوب مهندس معماري محترف!** 🚧‎""‎","Post: ‎""‎🚧 **مطلوب مهندس معماري محترف!** 🚧‎""‎",,,,,,,,job_ad_mimicry,,architecture
120225357813610517,519.79,29.0,10698,5708,44.0,38,Messages,"Post: ‎""‎**مطلوب مهندس معماري محترف!**‎""‎","Post: ‎""‎**مطلوب مهندس معماري محترف!**‎""‎",17.923793103448276,0.4112918302486446,48.58758646475977,,,,,job_ad_mimicry,,architecture
120226700277680517,0.0,0.0,0,0,0.0,38,Engagement,Engineering Students 2025 - 02,"‎Post: ‎""‎جمع صحابك يلا نبقى قريبين!‎""‎‎ - Copy",,,,,,,,,,cross_track
120226709068740517,968.74,67.0,37179,20155,186.0,38,Engagement,Engineering Students 2025 - 02,Engineering Students Summer 2025,14.458805970149253,0.5002824174937465,26.056106942090967,,,,,,,cross_track
120227819347640517,875.28,25.0,12889,5853,46.0,38,Messages,"Messages Ad: ‎🎯 ""الفرصة الأخيرة قبل اكتمال المقاعد!""‎","Messages Ad: ‎🎯 ""الفرصة الأخيرة قبل اكتمال المقاعد!""‎",35.0112,0.3568934750562495,67.90906974939871,,,,,,,
120228079259990517,2296.78,140.0,97063,42229,535.0,38,Messages,Messages Ad: ‎جمع صحابك يلا نبقى قريبين!‎,Messages Ad: ‎جمع صحابك يلا نبقى قريبين!‎,16.40557142857143,0.5511884034080957,23.662775722984044,,,,,,,
120230505832910517,467.4,42.0,8723,4308,87.0,38,Messages,"Post: ‎""‎اخر فرصفة في الصيف ..لو نفسك تبدأ طريقك في المجال...‎""‎","Post: ‎""‎اخر فرصفة في الصيف ..لو نفسك تبدأ طريقك في المجال...‎""‎",11.128571428571428,0.9973632924452598,53.58248309067981,,,,,,,
120230585664460517,399.81,33.0,9419,4598,55.0,38,Messages,"Post: ‎""‎بتحلم ونفسك تكون مصمم ديكور محترف وتعرف إزاي تعمل...‎""‎","Post: ‎""‎بتحلم ونفسك تكون مصمم ديكور محترف وتعرف إزاي تعمل...‎""‎",12.115454545454545,0.5839261068053934,42.44718122942988,,,,,dream_to_career,,interior_design
120230846699530517,150.74,12.0,3361,2519,23.0,38,Messages,"Post: ‎""‎بتحلم ونفسك تكون مصمم ديكور محترف وتعرف إزاي تعمل...‎""‎","Post: ‎""‎بتحلم ونفسك تكون مصمم ديكور محترف وتعرف إزاي تعمل...‎""‎",12.561666666666667,0.6843201428146385,44.84974709907766,,,,,dream_to_career,,interior_design
120230846829870517,209.79,10.0,4050,2696,25.0,38,Messages,"Post: ‎""‎اخر فرصفة في الصيف ..لو نفسك تبدأ طريقك في المجال...‎""‎","Post: ‎""‎اخر فرصفة في الصيف ..لو نفسك تبدأ طريقك في المجال...‎""‎",20.979,0.6172839506172839,51.8,,,,,,,
120231541259170517,799.64,49.0,16270,8878,87.0,38,Messages,"Post: ‎""‎🎨 نفسك تدخل عالم الديكور وتبقى مصمم محترف؟‎""‎","Post: ‎""‎🎨 نفسك تدخل عالم الديكور وتبقى مصمم محترف؟‎""‎",16.319183673469386,0.5347264904732637,49.148125384142595,,,,,,,interior_design
120232816058910517,56.85,0.0,7085,7085,29.0,38,Traffic,30 % OFF NEW 22-9-2025 Ad,30 % OFF NEW 22-9-2025 Campaign,inf,0.40931545518701484,8.023994354269584,,,,,,,
120232853725520517,379.96,10.0,5792,3571,14.0,38,Messages,"Post: ‎""‎دلوقتي فرصتك مع أقوى كورسات هندسية في مركز...‎""‎","Post: ‎""‎دلوقتي فرصتك مع أقوى كورسات هندسية في مركز...‎""‎",37.995999999999995,0.24171270718232044,65.60082872928176,,,,,,,cross_track
120232963154760517,912.27,34.0,13029,5968,52.0,38,Messages,"Post: ‎""‎دلوقتي فرصتك مع أقوى كورسات هندسية في مركز...‎""‎","Post: ‎""‎دلوقتي فرصتك مع أقوى كورسات هندسية في مركز...‎""‎",26.831470588235295,0.3991096784097014,70.01842044669583,,,,,,,cross_track
120233314517340517,397.66,16.0,8110,5909,102.0,38,Messages,"Post: ‎""‎دلوقتي فرصتك مع أقوى كورسات هندسية في مركز...‎""‎","Post: ‎""‎دلوقتي فرصتك مع أقوى كورسات هندسية في مركز...‎""‎",24.85375,1.2577065351418002,49.03329223181258,,,,,,,cross_track
120233630391490517,1031.78,43.0,12174,5074,64.0,38,Messages,"Post: ‎""‎دلوقتي فرصتك مع أقوى كورسات هندسية في مركز...‎""‎","Post: ‎""‎دلوقتي فرصتك مع أقوى كورسات هندسية في مركز...‎""‎",23.994883720930233,0.5257105306390669,84.75275176605882,,,,,,,cross_track
120235955404050517,881.69,29.0,9486,5037,193.0,38,Engagement,Tailored messages campaign 11/15/2025 Ad,MTC 5-11-2025 Campaign,30.403103448275864,2.0345772717689226,92.94644739616277,,,,,future_vision_ai,,
120237312946050517,1333.76,45.0,31973,12954,160.0,38,Engagement,"Post: ‎""‎احجز الآن أقوى دبلومة ميكانيكا شاملة – معتمدة...‎""‎","Post: ‎""‎احجز الآن أقوى دبلومة ميكانيكا شاملة – معتمدة...‎""‎",29.63911111111111,0.5004222312576236,41.715197197635504,,,,,,,mechanical
120238236341430517,859.23,38.0,13595,5524,45.0,38,Engagement,"Post: ‎""‎تدريب معماري احترافي لسوق العمل‎""‎","Post: ‎""‎تدريب معماري احترافي لسوق العمل‎""‎",22.611315789473686,0.33100404560500185,63.20191246781905,,,,,,,architecture
120238581980430517,669.25,25.0,10931,5609,67.0,38,Engagement,"Post: ‎""‎بتحلم ونفسك تكون مصمم ديكور محترف وتعرف إزاي تعمل...‎""‎","Post: ‎""‎بتحلم ونفسك تكون مصمم ديكور محترف وتعرف إزاي تعمل...‎""‎",26.77,0.6129356874942823,61.22495654560424,,,,,dream_to_career,,interior_design
120238800566880517,881.04,26.0,14137,8068,88.0,38,Engagement,"Post: ‎""‎طالب في هندسة وعايز تعرف هتعمل أييية اليومين...‎""‎","Post: ‎""‎طالب في هندسة وعايز تعرف هتعمل أييية اليومين...‎""‎",33.886153846153846,0.6224800169767277,62.32156751786093,,,,,ambitious_students,,cross_track
120238883985510517,2959.7899999999995,217.0,134614,38399,681.0,38,Engagement,"Post: ‎""‎مطلوب مهندسين طموحين!‎""‎","Post: ‎""‎مطلوب مهندسين طموحين!‎""‎",13.639585253456218,0.5058909177351538,21.987237583015137,,,,,job_ad_mimicry,B,cross_track
120239019502160517,286.79,6.0,4834,3491,32.0,38,Engagement,"Post: ‎""‎في مركز المتحدة للتدريب الهندسي (MTC)‎""‎","Post: ‎""‎في مركز المتحدة للتدريب الهندسي (MTC)‎""‎",47.79833333333334,0.6619776582540339,59.32767894083575,,,,,,,cross_track
120239132507540517,372.17,17.0,8139,4839,49.0,38,Engagement,"Post: ‎""‎في مركز المتحدة للتدريب الهندسي (MTC)‎""‎","Post: ‎""‎في مركز المتحدة للتدريب الهندسي (MTC)‎""‎",21.892352941176473,0.6020395625998279,45.726747757709795,,,,,,,cross_track
120240035109250517,2631.3100000000004,104.0,48097,20368,293.0,38,Engagement,"Post: ‎""‎سواء كنت في مصر، السعودية، الإمارات، أو أي مكان...‎""‎","Post: ‎""‎سواء كنت في مصر، السعودية، الإمارات، أو أي مكان...‎""‎",25.301057692307698,0.6091856040917313,54.70840177142026,,,,,,,
120241838462140517,972.69,68.0,30772,17775,184.0,38,Messages,"Post: ‎""‎ابدأ مستقبلك في التصميم الداخلي باحتراف‎""‎","Post: ‎""‎ابدأ مستقبلك في التصميم الداخلي باحتراف‎""‎",14.304264705882353,0.5979461848433641,31.6095801377876,,,,,future_vision_ai,D,
120242740074930517,23.47,2.0,294,232,4.0,38,Messages,Promoting website: https://api.whatsapp.com/send,[4/13/2026] Promoting https://api.whatsapp.com/send,11.735,1.3605442176870748,79.82993197278911,,,,,,,
120242798818540517,462.41,7.0,9481,6091,38.0,38,Engagement,"Post: ‎""‎""مش نقص شغل... نقص مهارة!"" 💡‎""‎","Post: ‎""‎""مش نقص شغل... نقص مهارة!"" 💡‎""‎",66.05857142857143,0.4008016032064128,48.7722814049151,,,,,philosophical,,
120243228740780517,73.49,0.0,5037,4624,0.0,38,Engagement,"Post: ‎""‎خلاص هيبدأوا.. آخر فرصة للحجز بخصم بيوصل 50% حقيقي!‎""‎","Post: ‎""‎خلاص هيبدأوا.. آخر فرصة للحجز بخصم بيوصل 50% حقيقي!‎""‎",inf,0.0,14.590033750248162,,,,,generic_discount,,
120243228761780517,128.22,0.0,7497,6971,0.0,38,Engagement,"Post: ‎""‎لمهندسي المدني (إنشاءات وطرق).. أقوى عرض بخصم 50%...‎""‎","Post: ‎""‎لمهندسي المدني (إنشاءات وطرق).. أقوى عرض بخصم 50%...‎""‎",inf,0.0,17.102841136454582,,,,,generic_discount,,civil
120243228773140517,41.02,0.0,2383,2251,0.0,38,Engagement,"Post: ‎""‎لمهندسي الكهرباء والميكانيكا.. احترف الـ BIM بخصم...‎""‎","Post: ‎""‎لمهندسي الكهرباء والميكانيكا.. احترف الـ BIM بخصم...‎""‎",inf,0.0,17.21359630717583,,,,,generic_discount,,architecture
120243284464440517,943.19,93.0,23554,13941,253.0,38,Messages,Promoting website: https://facebook.com/MuttahedaCenter.MTC,[4/22/2026] Promoting https://facebook.com/MuttahedaCenter.MTC,10.141827956989248,1.0741275367241234,40.043729302878496,,,,,,,
120243284531550517,958.38,81.0,35783,19016,361.0,38,Messages,Promoting website: https://facebook.com/MuttahedaCenter.MTC,[4/22/2026] Promoting https://facebook.com/MuttahedaCenter.MTC,11.831851851851852,1.0088589553698684,26.783109297711203,,,,,,,
120243579844120517,0.23,0.0,2,2,0.0,38,Traffic,Instagram post: ‎لمهندسي الكهرباء والميكانيكا.....,Instagram post: ‎لمهندسي الكهرباء والميكانيكا.....,inf,0.0,115.0,,,,,specific_course_offer,,mechanical
